revised_movement_label,segBoundary_start,segBoundary_end,frame_length,average_speed,average_back_height
left_turning,0,50,50,81.419655872547,24.163076809764096
sniffing,51,70,19,42.27279173474012,24.75980182801816
rising,71,95,24,41.282161325373046,30.46294090052128
sniffing,96,105,9,47.61229912127221,29.799178138445058
walking,106,110,4,71.85922657947637,31.92554637013644
rising,111,170,59,36.21268344298975,31.47614844374355
sniffing,171,210,39,44.78772642155976,30.581081115170196
walking,211,226,15,68.84284090352145,28.92297249276962
rearing,227,241,14,41.77775075470783,33.8468435586213
sniffing,242,371,129,41.33333226410223,28.63653540227305
rising,372,421,49,30.565292250360574,31.836288334800205
sniffing,422,631,209,33.091477176954186,29.717401151678473
rising,632,651,19,41.97306645040728,32.99554114281474
right_turning,652,696,44,38.245708647844666,30.04486287547924
walking,697,769,72,152.07028938886438,26.295587569155032
sniffing,770,846,76,17.963319333813338,23.634061268549303
rising,847,881,34,28.79488743214775,30.593838693038624
hunching,882,931,49,43.75911684546459,32.07277707331679
sniffing,932,981,49,60.8184689837927,29.96339562083441
walking,982,998,16,102.4329623143099,28.63652418382389
rising,999,1013,14,37.72411741007634,33.15593364709887
climbing,1014,1063,49,37.87432642838027,44.84611562361581
hunching,1064,1078,14,31.979900832892895,35.654066373783586
sniffing,1079,1123,44,32.9054225238672,30.401568110969812
right_turning,1124,1133,9,146.0228453427107,26.32620305378715
walking,1134,1145,11,104.65533691728065,27.793263468569137
rising,1146,1175,29,44.56359912363106,27.668395519657885
sniffing,1176,1265,89,20.63668189778459,23.60897255182911
hunching,1266,1275,9,31.038206839444275,34.00276089192376
climbing,1276,1335,59,39.90695344092999,46.56115644411093
rising,1336,1360,24,48.92545348873487,31.877534686409874
right_turning,1361,1373,12,107.3267031780469,28.743200882600757
left_turning,1374,1396,22,93.01415839741594,29.560983741219314
rising,1397,1411,14,29.83059614630493,38.97640829675631
climbing,1412,1436,24,39.956437923471945,47.23185983785037
walking,1437,1441,4,112.10434752416447,28.553111295331924
sniffing,1442,1483,41,60.747136125461466,26.576970015018933
rising,1484,1498,14,51.96159100672059,34.65191134862024
walking,1499,1536,37,130.1766013860367,30.96622479739301
sniffing,1537,1556,19,41.97795941797649,27.806264454323724
walking,1557,1626,69,105.8186925618218,27.514695028409943
sniffing,1627,1641,14,40.071939484025215,28.893430269682465
left_turning,1642,1684,42,124.2619605378069,28.268434467351824
rising,1685,1734,49,42.10041595086272,33.21011830482188
hunching,1735,1744,9,64.87388313358855,36.4575004762461
right_turning,1745,1753,8,104.46053001379667,30.741930650660045
sniffing,1754,1760,6,90.23246229862755,29.789009808438404
rising,1761,1805,44,21.319362921295696,33.209010168656
walking,1806,1852,46,110.6213730142973,24.66126558633248
rising,1853,1887,34,67.90846769673882,31.347852483815313
walking,1888,1958,70,150.89233336816878,28.120482211523832
hunching,1959,1973,14,52.18545675186215,34.111785881233075
right_turning,1974,1982,8,137.8085592405088,27.8649166265299
walking,1983,2018,35,160.1958435036914,28.2583515550866
right_turning,2019,2031,12,98.28463641984595,29.337302044181094
walking,2032,2084,52,132.86231058908035,29.344508076261505
sniffing,2085,2139,54,47.79079198317263,31.106227482787016
rearing,2140,2199,59,22.5291345493916,36.05343810680756
grooming,2200,2319,119,17.084721596843714,37.81997612228386
left_turning,2320,2334,14,125.48348413257513,32.29493809408376
stepping,2335,2359,24,78.62493326638725,30.06794348119423
hunching,2360,2374,14,25.498794305748888,32.918076927142366
climbing,2375,2409,34,36.77165086743173,50.45642625029488
sniffing,2410,2444,34,28.39828102771879,29.199361362712676
hunching,2445,2494,49,20.014169931834676,36.6511884702909
left_turning,2495,2529,34,99.10885700815953,34.309450040323284
walking,2530,2580,50,176.79401264550572,27.66642803461446
sniffing,2581,2612,31,67.2648434617788,26.43148736340578
walking,2613,2618,5,151.91197244345506,25.371428108179714
sniffing,2619,2715,96,25.667565173789992,24.356071121244973
rising,2716,2730,14,28.55817809718956,32.575394798891146
climbing,2731,2785,54,29.286616784290057,34.29134705445537
sniffing,2786,2830,44,20.506387762173112,24.0371864202519
rising,2831,2840,9,22.36570882601155,29.87283380920625
rearing,2841,2855,14,32.15607274774687,32.786318879406345
left_turning,2856,2870,14,84.48761089726943,28.231091954544585
sniffing,2871,2883,12,74.5205956687453,27.297459630536686
rising,2884,2908,24,54.709757975807385,32.13733304073418
trotting,2909,2948,39,215.80176379252217,27.703625907246668
sniffing,2949,2986,37,48.57008827283856,26.029409860756502
rising,2987,3016,29,67.8322802317408,32.064750424011216
left_turning,3017,3071,54,82.06728202248429,31.41457094749045
walking,3072,3086,14,76.64389271037034,32.54039134500406
hunching,3087,3141,54,32.732048109669556,36.73780695335471
rising,3142,3196,54,20.84576062750215,34.23349046862692
sniffing,3197,3281,84,22.91803317152511,34.72160379261127
right_turning,3282,3296,14,109.33515647836397,27.0429736887021
sniffing,3297,3314,17,106.13200121709654,28.3833669288761
rearing,3315,3319,4,51.015925830906895,40.54646217887857
climbing,3320,3359,39,31.645979522935875,46.45135090430934
sniffing,3360,3404,44,59.802764930148115,34.025100534831125
climbing,3405,3449,44,37.49023725070396,48.49317067146076
sniffing,3450,3679,229,31.36691950602425,31.91788788931627
trotting,3680,3705,25,258.5740749951746,28.117511677525883
walking,3706,3740,34,127.05066339789373,26.34187984535241
sniffing,3741,3770,29,28.711410109794308,27.91296336411618
rising,3771,3800,29,54.26569698005896,32.933711404012556
sniffing,3801,3855,54,27.862299036566633,25.354518474255155
rising,3856,3870,14,26.313859270369985,33.50078091609426
climbing,3871,3900,29,31.0046025528467,43.68038504242604
rearing,3901,3915,14,29.694882886677274,36.52344141999158
sniffing,3916,3975,59,30.32962410983329,27.539453487330142
climbing,3976,3985,9,39.19003564939506,34.28637307735663
rearing,3986,4015,29,32.43408258349884,35.067669895478375
sniffing,4016,4065,49,29.32513177447114,27.711442875927403
climbing,4066,4120,54,37.5976620738061,43.95835294299372
sniffing,4121,4165,44,24.512389477143607,29.233388804129927
hunching,4166,4205,39,30.83716154374995,35.39836959523923
left_turning,4206,4230,24,48.23831706981556,29.84276427580026
sniffing,4231,4260,29,39.17744132340407,30.575168733556673
left_turning,4261,4282,21,101.01871175483092,30.30703055414177
sniffing,4283,4352,69,30.84812655439595,31.097741409192757
rising,4353,4367,14,57.22357903872141,34.80751026534899
walking,4368,4409,41,129.6679122149431,30.527881495441274
sniffing,4410,4429,19,30.96154682583626,27.992349707435693
right_turning,4430,4459,29,67.46261644744904,33.35639071699616
walking,4460,4489,29,96.9109884996214,25.37914126673956
sniffing,4490,4759,269,25.356394982025645,28.915934597994568
walking,4760,4778,18,73.01150230288572,33.35332392727738
sniffing,4779,4788,9,69.07666582492928,35.316927201312026
walking,4789,4868,79,143.44151239303375,29.28196842515962
rearing,4869,4878,9,50.76560593025035,34.74819025678495
left_turning,4879,4888,9,73.52692529264932,29.13540293744734
sniffing,4889,4898,9,49.89988339927021,33.406997284899056
climbing,4899,4938,39,43.61148015874804,47.118691648278286
stepping,4939,4948,9,54.893164631453054,25.345668069019972
sniffing,4949,4968,19,22.462079055360313,24.06039198161449
rising,4969,4988,19,51.0301106079158,34.28853744210611
climbing,4989,5043,54,47.02925751459341,48.38134361473376
rising,5044,5058,14,37.690422422065055,31.344031981925824
left_turning,5059,5093,34,67.95996318700513,27.730340976073386
rising,5094,5108,14,49.91063008101573,28.878692356043768
walking,5109,5172,63,149.87668548932453,28.61152304546528
sniffing,5173,5205,32,39.129802293838914,29.695445719321896
rising,5206,5215,9,30.971233845924303,37.18134806105705
left_turning,5216,5235,19,119.32773209235938,33.98351324670445
trotting,5236,5259,23,244.69071103803182,33.55292010987113
walking,5260,5293,33,168.98078217682283,30.042685382383876
rising,5294,5318,24,80.27763210574247,36.47019985621723
climbing,5319,5338,19,63.9667703882573,45.53009280195547
right_turning,5339,5343,4,147.81033500608862,27.265682625362594
rising,5344,5373,29,74.27720584976743,33.06610985082363
stepping,5374,5407,33,65.96958608876504,32.01554777991709
sniffing,5408,5447,39,49.54218813265295,37.01002887993341
rising,5448,5487,39,34.37743585353041,36.53922910977563
sniffing,5488,5547,59,25.467159530571088,28.833816959547608
rising,5548,5557,9,44.7125485764479,34.78442637340533
sniffing,5558,5632,74,43.28554838239775,33.59257250448315
rearing,5633,5637,4,37.960270034047895,43.393505028745174
climbing,5638,5697,59,37.20960837139027,45.98200508166135
rising,5698,5722,24,82.21157828538584,36.023373212526806
right_turning,5723,5726,3,204.26113561220214,36.31666059069888
trotting,5727,5756,29,213.0315756228648,34.62943651601807
walking,5757,5785,28,202.96231572644538,28.98167418210431
sniffing,5786,5820,34,66.43719399413342,30.223125044779472
walking,5821,5862,41,104.24696319340968,27.345211570408203
sniffing,5863,5892,29,23.571939083466205,29.05780310246182
climbing,5893,5937,44,35.76748097046125,48.9434580401825
rising,5938,5962,24,43.802947696991794,33.1566405371155
walking,5963,5972,9,101.53523732652855,29.081757838563867
rising,5973,5992,19,67.10916829703851,32.54687833346996
walking,5993,6040,47,96.01737692146237,28.40125949648917
rising,6041,6065,24,54.84447865901485,30.36952412474453
walking,6066,6113,47,116.86851748011115,27.534159181358458
rearing,6114,6118,4,59.415534846892015,36.05624255456661
climbing,6119,6173,54,43.822382355643015,50.500389134752126
sniffing,6174,6343,169,31.53973855382019,33.69377025163243
walking,6344,6352,8,168.76385094236275,37.77646801337076
trotting,6353,6374,21,269.7647776781532,32.66173794142412
left_turning,6375,6410,35,99.13443106483435,29.20322181611705
sniffing,6411,6485,74,17.613774155226356,28.653575441149236
rising,6486,6505,19,70.94273097932292,35.23090494608174
walking,6506,6527,21,131.24502349697894,30.34750502482058
sniffing,6528,6577,49,31.539963197436705,31.746056303711033
climbing,6578,6617,39,42.23429800976312,45.07206894620863
left_turning,6618,6642,24,69.76199374253856,34.116273894685335
sniffing,6643,6687,44,13.395897959511904,32.44119430082974
walking,6688,6691,3,106.91491082801697,31.77921995368094
trotting,6692,6692,0,224.1869377795105,32.77805402678638
walking,6693,6704,11,197.354286496359,30.047599899128354
stepping,6705,6733,28,69.84550753548159,26.648643069323928
left_turning,6734,6774,40,74.25733942433193,25.314319779485608
sniffing,6775,6837,62,56.99676677279355,28.297872507085646
left_turning,6838,6857,19,82.35862082986979,26.33889931847016
walking,6858,6898,40,144.9594440783861,26.772393047615278
sniffing,6899,6939,40,82.17208196429773,29.07702450294353
rising,6940,6949,9,37.687639689555965,35.885684631644025
climbing,6950,7009,59,39.741759963035264,36.14037282914432
rising,7010,7014,4,51.68696626018154,31.689454771617573
sniffing,7015,7039,24,55.14685213388214,33.10281287399137
right_turning,7040,7049,9,197.04106844715724,29.88010879515832
trotting,7050,7072,22,239.66692024961986,28.470586982723958
left_turning,7073,7114,41,76.04040752089878,27.30401789498136
rising,7115,7139,24,39.43833757889735,33.982943297348086
left_turning,7140,7149,9,56.08714671437944,29.664913857801974
sniffing,7150,7184,34,40.16600929528539,23.495197009299474
rising,7185,7194,9,43.00144163899949,33.326421256287745
climbing,7195,7254,59,37.03134399437233,50.136181581945955
walking,7255,7264,9,58.93004621893685,32.189956943523434
left_turning,7265,7344,79,73.86688990836555,30.22956022408136
walking,7345,7428,83,119.0618163024348,28.290102713333752
sniffing,7429,7454,25,77.98267666845452,28.170520520785132
walking,7455,7484,29,84.47392118516078,34.299868930754585
left_turning,7485,7494,9,112.8749154520232,28.772574139878152
sniffing,7495,7504,9,68.75152059838268,31.07925230933058
rising,7505,7519,14,60.030355029431014,36.769230452968905
left_turning,7520,7534,14,122.22394654375636,33.57527841018661
walking,7535,7556,21,124.43333313071224,32.462357022573094
hunching,7557,7616,59,23.283933983868256,35.51587209134284
rising,7617,7631,14,38.75843479187186,37.163335612856905
left_turning,7632,7671,39,82.59307947294928,32.964250177160395
sniffing,7672,7716,44,46.10948680188643,32.102479966713716
walking,7717,7736,19,165.7834465281293,30.42237141535626
sniffing,7737,7766,29,36.33776729117687,32.247672587538815
grooming,7767,7826,59,50.330395662061115,31.18860289031882
trotting,7827,7839,12,205.12568084097322,27.901886722868557
stepping,7840,7891,51,121.70715808457157,30.61006068289657
rearing,7892,7901,9,50.81883901752256,40.802245734587245
climbing,7902,7946,44,40.15408356975173,52.116551153359566
rising,7947,8001,54,67.79323001283957,33.251670402555135
walking,8002,8099,97,152.55340792594734,30.01799368156224
stepping,8100,8130,30,53.74436738042845,31.584580709110085
sniffing,8131,8285,154,27.013726043696778,29.623515396792456
climbing,8286,8390,104,33.677680460354836,45.62754261424641
rising,8391,8415,24,32.137499432151344,30.49311914841428
rearing,8416,8475,59,18.363733953809945,35.464554148416966
sniffing,8476,8550,74,32.78710785518022,37.025860255148224
left_turning,8551,8565,14,84.65934212738325,37.85231326620323
walking,8566,8620,54,99.69749927976002,34.32254136401344
left_turning,8621,8680,59,116.22072759302458,32.93984464508305
sniffing,8681,8690,9,44.99620822983651,33.01135122175951
walking,8691,8718,27,149.27875314314335,30.756953591684617
rising,8719,8748,29,67.53166663352198,34.60913295891623
trotting,8749,8753,4,221.5013484394388,29.975036773036788
walking,8754,8784,30,109.43100198930235,28.12539535152222
rising,8785,8824,39,49.71460274473314,25.148055440290214
rearing,8825,8834,9,34.202727202393,36.10718302479736
climbing,8835,8924,89,37.64046424917799,51.08864139628316
right_turning,8925,8939,14,130.43816253918033,27.540517705169943
trotting,8940,8972,32,263.01096246824295,29.60667472155083
left_turning,8973,9020,47,71.5073524017895,26.648227074525575
sniffing,9021,9030,9,17.423581607029316,29.058715427397612
rising,9031,9065,34,22.436417847844037,31.08991145187439
rearing,9066,9115,49,18.427198264264817,33.4500827000653
climbing,9116,9235,119,13.62672003910509,35.55771447926788
rearing,9236,9270,34,17.913165795102028,35.74412449453226
grooming,9271,9330,59,32.016337083665015,33.8343333489618
sniffing,9331,9470,139,41.14571241096734,29.12647191374907
climbing,9471,9525,54,33.70465596451365,49.748712667773255
sniffing,9526,9620,94,19.65948707066204,26.236368084342153
rising,9621,9635,14,30.014472588653536,31.45300846461944
climbing,9636,9690,54,26.66278673699274,43.143769162066604
rising,9691,9745,54,16.85025770411611,31.447749605660253
sniffing,9746,9945,199,30.626525682799947,29.38393769072627
walking,9946,9987,41,89.4535683558752,30.945318219957407
left_turning,9988,10047,59,73.05166530706016,28.200330548027672
walking,10048,10057,9,41.55204595447939,32.26294989993344
hunching,10058,10082,24,54.589988662917214,35.026720812260194
walking,10083,10175,92,109.29056955121966,30.729097533504692
left_turning,10176,10216,40,118.92216941211329,26.728358600233626
sniffing,10217,10271,54,46.37169398742854,25.69776920103029
rising,10272,10306,34,29.963220105285135,30.713432896947765
climbing,10307,10361,54,34.08463903665424,42.04882350978173
left_turning,10362,10386,24,114.60721260743432,33.11065126209035
walking,10387,10414,27,140.22328408043197,29.97641588555891
rising,10415,10424,9,63.705059856515035,37.79135631224366
left_turning,10425,10454,29,63.85495732437341,33.09789691433958
sniffing,10455,10509,54,34.96340022689236,32.0900344979719
walking,10510,10551,41,158.66364434458532,30.407169021715557
sniffing,10552,10607,55,43.67046396081633,26.678410024358037
rising,10608,10617,9,53.20363901311352,33.909927592813155
left_turning,10618,10642,24,77.43108222713607,30.69154047304841
walking,10643,10672,29,113.56738483455838,28.65189780820761
sniffing,10673,10701,28,48.866055223087464,28.649453367783682
rising,10702,10716,14,26.85664007706503,33.666556336528494
climbing,10717,10816,99,37.1345305937588,38.79086384042941
right_turning,10817,10822,5,104.55604376549604,28.443511369638983
walking,10823,10865,42,91.15461341587529,28.579968143114986
rising,10866,10875,9,38.509389050611034,35.899435820225015
climbing,10876,10930,54,33.4274856786153,40.666605967985944
sniffing,10931,11025,94,16.666979733523803,30.134827500960302
rising,11026,11050,24,29.08177772801265,31.47018440836989
right_turning,11051,11065,14,95.47359687817192,29.74371048413143
walking,11066,11096,30,136.01779748419133,32.35206004086295
sniffing,11097,11106,9,22.324756889651354,33.90905193998773
rising,11107,11126,19,24.038949119177328,36.75083456579131
hunching,11127,11141,14,46.194883263235106,36.92862193310416
walking,11142,11198,56,141.44287931888076,32.92197058516371
sniffing,11199,11209,10,32.95307068860877,29.59002435809825
walking,11210,11257,47,143.63938177241334,27.249232400156817
left_turning,11258,11267,9,88.87688780134015,28.383900289822236
walking,11268,11272,4,135.58020343632538,26.06572809987702
left_turning,11273,11316,43,73.75253338959811,28.272301108691693
sniffing,11317,11355,38,27.923572882457854,26.598106227080873
rising,11356,11375,19,52.62935847320489,30.91370962772235
walking,11376,11454,78,133.83365821834468,27.15387015745078
sniffing,11455,11469,14,35.183145689786166,29.883932033453927
rising,11470,11484,14,51.854533918187556,33.50865192735666
left_turning,11485,11519,34,102.13480677784973,31.912965341406043
walking,11520,11564,44,158.41102563904468,30.199619487817113
sniffing,11565,11587,22,26.963389265513655,30.693886832105616
walking,11588,11673,85,105.2414971031345,28.406284166648533
sniffing,11674,11698,24,52.15466838684646,29.611450363093482
rising,11699,11703,4,31.977885266222835,35.54446950071825
climbing,11704,11763,59,13.317515414099956,36.50509351070524
hunching,11764,11813,49,17.920419202451452,33.56696156695825
sniffing,11814,11843,29,59.1285513202776,32.357899325747006
walking,11844,11949,105,131.34589633266057,29.884752300923065
stepping,11950,11982,32,72.97058452199803,25.75957434522189
sniffing,11983,12032,49,28.503845848029613,27.61744647699613
walking,12033,12079,46,135.35105287353014,26.33175996714317
sniffing,12080,12174,94,39.21621595666685,28.41740892308395
left_turning,12175,12194,19,118.81472233500615,30.92587949838155
walking,12195,12220,25,119.32634897655956,29.253932937238627
rising,12221,12235,14,33.54882546839594,32.69435645699886
sniffing,12236,12245,9,35.04324778434758,29.83854256119249
stepping,12246,12297,51,92.30745044072162,29.481622616043936
walking,12298,12336,38,186.66927922288707,31.2092863987443
left_turning,12337,12368,31,110.77468137606796,28.95984390149944
sniffing,12369,12418,49,35.864351330687526,26.657471713922032
rising,12419,12428,9,36.9470609315287,34.58085749648719
climbing,12429,12488,59,52.78693352696371,47.86913749987393
left_turning,12489,12563,74,74.06361009978457,33.22158658119583
sniffing,12564,12583,19,62.48169743314811,33.68092407128525
walking,12584,12633,49,76.70655781416234,35.130074244589075
climbing,12634,12658,24,46.67548940192231,47.01613534552699
rising,12659,12673,14,55.88437056354069,29.78833530545747
climbing,12674,12733,59,47.133726242033326,46.22212932043055
right_turning,12734,12737,3,147.13981212134854,29.36425321656119
walking,12738,12766,28,179.3047311546972,29.98023506081056
left_turning,12767,12799,32,68.65072195454279,29.96535762527796
sniffing,12800,12849,49,24.149678198948806,27.078276152838143
rising,12850,12859,9,34.71562467479909,34.83928035505133
climbing,12860,12914,54,44.754867232006895,54.0946912109273
right_turning,12915,12922,7,148.061329691072,29.741133906422167
walking,12923,12925,2,141.11757326874147,30.952991713707856
rising,12926,12943,17,94.28723732666401,34.556724220681545
walking,12944,13007,63,132.99554441858194,29.241500092029035
rising,13008,13017,9,49.15571701402865,36.38105155703773
climbing,13018,13067,49,29.95140208386743,39.031883527853985
sniffing,13068,13122,54,36.618907480240004,30.863154180447886
left_turning,13123,13132,9,132.36305457184773,30.95138614147509
walking,13133,13149,16,121.7562120954077,29.99353109377496
sniffing,13150,13164,14,18.2096754441964,30.636185146673107
rising,13165,13184,19,35.89419710934543,35.520676417129636
sniffing,13185,13219,34,25.681900120279607,29.05487666452158
rising,13220,13254,34,28.43505054969925,34.34022248441459
sniffing,13255,13294,39,65.97732302491627,32.92390994360547
right_turning,13295,13304,9,43.90558895444862,28.73272821060079
sniffing,13305,13364,59,16.38522532593952,27.64099870940624
rising,13365,13404,39,26.194053779017054,34.89621175553522
left_turning,13405,13419,14,110.2308068073549,30.166996971060723
walking,13420,13440,20,138.86352205187004,31.086912010155316
sniffing,13441,13494,53,44.988306936024216,27.179064961836033
rising,13495,13499,4,39.61531314645488,36.80131777841065
climbing,13500,13569,69,36.648466565908514,55.40036325448224
rising,13570,13614,44,25.569261147152545,32.9567698336753
sniffing,13615,13654,39,45.239957971431835,30.83871809145601
trotting,13655,13698,43,260.1848884142251,33.01260186209352
left_turning,13699,13720,21,126.45644856350219,25.849908607148027
sniffing,13721,13765,44,54.06584544840485,25.42858727236468
left_turning,13766,13777,11,109.01129851370517,27.185902020309186
rising,13778,13782,4,64.04249843586163,33.49967531122785
sniffing,13783,13802,19,86.88599766127078,31.261243054612134
walking,13803,13829,26,92.61225216095812,30.22968479599345
sniffing,13830,13844,14,30.324348415205705,32.607962965811886
rising,13845,13864,19,25.210043755268526,35.83186501298315
sniffing,13865,13939,74,33.72952115928108,32.34357988428331
right_turning,13940,13949,9,228.15564231285998,31.21419427772208
trotting,13950,13986,36,218.25238518869568,29.897156017697903
left_turning,13987,14016,29,82.79345011254932,26.88741541068746
sniffing,14017,14066,49,12.93164419580236,27.34582053451092
left_turning,14067,14091,24,83.6626524173019,29.763604716821334
sniffing,14092,14121,29,70.9421854242793,30.67231640256044
stepping,14122,14131,9,77.51840609312237,26.699899041742547
sniffing,14132,14156,24,29.358064050768526,23.86662879993685
rising,14157,14166,9,46.555693674573675,34.99345144555507
climbing,14167,14246,79,40.79785827456094,49.435055093807705
rising,14247,14266,19,92.70017610370664,32.530110703270594
trotting,14267,14287,20,225.3252915949792,31.193810884297022
walking,14288,14328,40,175.2145904964632,27.634717873014534
sniffing,14329,14358,29,17.305237618708944,25.876402282950302
rising,14359,14368,9,37.16873432349411,32.83901223688406
climbing,14369,14448,79,21.559655586565516,37.82500071130569
rising,14449,14463,14,29.091875499771398,31.073125415606434
climbing,14464,14498,34,41.96237073245738,37.615717098200285
rising,14499,14538,39,55.82324899078752,29.98804407908792
rearing,14539,14548,9,44.292318443590105,35.10199838104547
climbing,14549,14603,54,35.331970157489216,42.14056623794154
sniffing,14604,14695,91,53.60565647094751,29.9539432097401
walking,14696,14762,66,148.38099353943196,29.220329922663254
sniffing,14763,14779,16,37.22651279827231,26.03787420667363
rising,14780,14817,37,58.84129590330704,26.2779558401508
climbing,14818,14937,119,38.36884067341017,46.107969510744184
hunching,14938,14952,14,58.440008150943626,33.75895479990448
right_turning,14953,14967,14,131.25232024804373,30.597952726156667
stepping,14968,14997,29,92.04974517144062,29.44244750069171
sniffing,14998,15007,9,50.26308556122151,27.846356723146425
stepping,15008,15067,59,44.764666295029286,25.885915869895868
sniffing,15068,15082,14,22.20412839871171,23.39333065763603
rising,15083,15097,14,31.92931668529836,28.72694556234837
sniffing,15098,15150,52,56.62784733533713,24.627332569986887
pausing,15151,15301,150,11.971108971843815,24.18393892792436
sniffing,15302,15312,10,16.303559214444757,25.057959224560076
rising,15313,15452,139,16.33882845002632,28.84965370695647
sniffing,15453,15477,24,40.808246745667226,29.33292705173583
right_turning,15478,15482,4,148.19365232102786,26.636084864297736
walking,15483,15518,35,140.60208461380228,27.542819448599996
rising,15519,15533,14,59.1231583189162,34.856429856409825
walking,15534,15572,38,164.09487142928901,31.05283115258105
left_turning,15573,15610,37,107.56462711908404,28.048946329041673
sniffing,15611,15767,156,16.558178982261637,31.245170288825705
right_turning,15768,15827,59,50.23475311671211,30.817183910234046
rising,15828,15837,9,25.84997208509459,33.312484315555096
sniffing,15838,15942,104,27.117453576893613,32.237383308770745
walking,15943,15982,39,125.22767518403444,30.70623652335983
left_turning,15983,16002,19,95.1760800944055,30.650308831011547
trotting,16003,16020,17,199.5554831331003,28.354874845573317
sniffing,16021,16095,74,69.29433708975236,26.861344726917228
walking,16096,16128,32,99.55833272646977,27.242548136146443
sniffing,16129,16203,74,23.76643447204215,30.175841927334428
rising,16204,16213,9,25.985556104306074,33.338978984329216
sniffing,16214,16218,4,49.32870225677292,31.04444719469935
right_turning,16219,16228,9,124.0368780028537,28.26136453373949
walking,16229,16251,22,112.1351680134772,28.628631903108136
stepping,16252,16285,33,60.94328397089433,29.361288861459997
walking,16286,16311,25,177.94464051672136,28.599216099220875
stepping,16312,16363,51,77.71690651287875,29.1327209631849
sniffing,16364,16423,59,41.32663360622861,31.19736190332587
left_turning,16424,16428,4,66.5818162233333,32.5215104799067
sniffing,16429,16448,19,53.77269604470406,33.134264449757694
walking,16449,16458,9,98.74675002326117,33.467451496287815
trotting,16459,16465,6,204.62486306125356,31.79377194615487
walking,16466,16496,30,118.49229391646155,30.458258420837165
sniffing,16497,16546,49,35.57178472980277,31.80657717843077
left_turning,16547,16576,29,99.00218943510708,36.35138035372908
walking,16577,16597,20,163.28458817013538,32.57601698081797
stepping,16598,16645,47,102.08894673248314,27.5758570578638
rearing,16646,16670,24,17.360366683457173,34.30869003319682
rising,16671,16680,9,70.46904164340529,33.50766615653822
walking,16681,16685,4,126.62349331395122,26.775421824629483
sniffing,16686,16725,39,41.929023153008295,23.34210650109019
rising,16726,16745,19,23.631941587810417,26.523080169699256
climbing,16746,16810,64,31.236713489700676,36.676983468005126
sniffing,16811,16860,49,24.640177113286832,26.211588810675934
climbing,16861,16905,44,45.75457381243828,49.696027133329565
sniffing,16906,16950,44,71.93379400200155,30.783707316535
walking,16951,16965,14,142.49431127205696,30.633992460849466
sniffing,16966,16990,24,35.284198245242266,29.040564776732527
walking,16991,17000,9,121.57636104651058,32.12626097487302
trotting,17001,17020,19,204.91865399829544,29.635837850870917
walking,17021,17042,21,146.34881135006387,31.22887490397808
sniffing,17043,17097,54,55.66755341272415,30.58466345045107
rising,17098,17102,4,62.855275223632134,33.17726708757495
sniffing,17103,17142,39,52.44012109596311,34.618986488753606
trotting,17143,17160,17,225.95911533315382,29.551489319232118
walking,17161,17182,21,147.81905970413993,32.11583570569355
sniffing,17183,17279,96,31.541810872478255,28.612261326123335
climbing,17280,17334,54,28.85760834192882,38.06163111756144
rising,17335,17379,44,26.331822432010117,34.132701973052825
sniffing,17380,17469,89,23.85103107536704,27.154227768011218
rising,17470,17479,9,24.134194902119994,33.08147825337876
climbing,17480,17554,74,31.14348444851794,44.73881251319147
sniffing,17555,17679,124,17.414718751383173,27.63342664423838
climbing,17680,17719,39,20.921002165596423,33.76684591196768
sniffing,17720,17869,149,26.732118306941413,34.648421043125936
walking,17870,17945,75,184.7432294260037,34.08075086393451
sniffing,17946,18007,61,43.10095525889719,29.34460985640997
left_turning,18008,18012,4,102.73970739609088,29.160478175562808
walking,18013,18055,42,168.82673823167076,28.963074703142425
stepping,18056,18090,34,56.83041695169967,28.217026716189185
walking,18091,18114,23,174.11953276638772,27.44440177471648
sniffing,18115,18123,8,41.13672068775789,26.582779395243733
rising,18124,18128,4,34.38300832655549,29.10485820992053
sniffing,18129,18136,7,58.57163998849904,30.206858093073897
walking,18137,18208,71,102.56466105414772,27.13255912886928
sniffing,18209,18229,20,21.82189344599126,26.107760720322613
rising,18230,18235,5,24.188914777072302,32.437270454108514
climbing,18236,18350,114,31.327873048083095,38.25174911233991
rising,18351,18355,4,43.42095746375034,32.18800117347635
sniffing,18356,18363,7,46.740974429635,26.782540727362306
left_turning,18364,18369,5,74.70447149064466,25.25138960372239
sniffing,18370,18402,32,31.29190560529924,24.550190724565198
rising,18403,18410,7,25.58251823060211,29.747319460944624
hunching,18411,18418,7,24.79046633491722,35.46725803687061
climbing,18419,18523,104,27.315508269660413,57.1212934664826
rising,18524,18539,15,27.324710955408975,30.49256805563776
sniffing,18540,18656,116,18.36972231361071,25.500246103955703
rearing,18657,18688,31,16.513695483595143,32.361007348491476
climbing,18689,18734,45,35.159958015855224,43.36970840974739
hunching,18735,18737,2,25.41124922185283,31.017836738179984
rising,18738,18770,32,23.12761116487983,27.82705595038068
sniffing,18771,18806,35,41.99543682502075,31.241898359344564
grooming,18807,18977,170,20.1716132276734,27.605433239844817
sniffing,18978,18998,20,25.49672845692363,29.121286851142393
stepping,18999,18999,0,66.54375193101849,34.72157606766337
walking,19000,19067,67,162.72139271993953,30.507057590143845
sniffing,19068,19106,38,45.01234880033794,26.943835507855667
left_turning,19107,19131,24,99.20297756760353,25.044575983557653
sniffing,19132,19151,19,50.79365933233078,22.785259117902175
walking,19152,19155,3,42.303015144549406,29.48095918799929
rearing,19156,19160,4,41.59283389945587,32.297226115786295
climbing,19161,19213,52,29.739783998290807,49.12530149761373
sniffing,19214,19224,10,57.44469571121589,29.892890433384242
left_turning,19225,19229,4,54.86726421265471,28.721533618515913
sniffing,19230,19267,37,23.97578403510679,26.462355306903167
left_turning,19268,19281,13,64.52622459101339,27.32654070493234
sniffing,19282,19295,13,31.03443773037362,28.230080666384765
left_turning,19296,19300,4,87.14054478484431,30.231244264428447
walking,19301,19346,45,125.38575636348627,27.946851479368974
stepping,19347,19348,1,93.34163836023191,28.671584456903616
sniffing,19349,19359,10,58.55173429803821,29.643150562308417
hunching,19360,19383,23,34.58002344375214,33.70970714396568
sniffing,19384,19417,33,24.086855852529997,28.817052935582907
walking,19418,19446,28,162.78799102081632,26.31055441159343
sniffing,19447,19467,20,40.14528422023596,28.029298706528
climbing,19468,19575,107,35.45750059750883,48.90565126412227
rising,19576,19601,25,30.928933184027567,29.575088421217384
hunching,19602,19617,15,28.490777999085815,34.99996516518604
rising,19618,19649,31,19.96318351359154,31.578153689159258
climbing,19650,19704,54,13.297089534055578,34.28594790473349
rising,19705,19741,36,43.4180639624752,32.18742785835525
grooming,19742,19748,6,62.38310446227957,33.27069353321628
trotting,19749,19753,4,164.53811980472761,32.372618840025815
walking,19754,19809,55,175.44095836012767,29.182488787088054
left_turning,19810,19829,19,83.06505834615947,28.90378312585646
sniffing,19830,19903,73,16.44398272035397,28.355168898302768
rising,19904,19921,17,28.651685875130422,30.418449135031203
sniffing,19922,19983,61,31.840082641294117,27.3380450904596
rising,19984,19992,8,30.43850107085971,33.079034092608616
climbing,19993,20085,92,30.019041367004558,47.0746333163109
right_turning,20086,20129,43,118.19551329753484,34.194610943824365
walking,20130,20189,59,184.15157019467196,31.145235759088088
sniffing,20190,20191,1,40.216488989119334,28.14880204746372
rising,20192,20198,6,34.953587427724244,30.807980010768556
rearing,20199,20208,9,35.47812294721008,36.61017933492951
climbing,20209,20253,44,35.79476949944136,51.24194636259701
rising,20254,20259,5,38.38818650275842,33.142695509119356
sniffing,20260,20267,7,29.714925599771377,28.508103399415816
right_turning,20268,20293,25,73.45354969339863,32.03750021330987
walking,20294,20313,19,148.95779501065496,29.619549624491754
sniffing,20314,20368,54,14.888072030553529,29.975620184469275
walking,20369,20405,36,134.3560697418942,28.09062094420637
sniffing,20406,20412,6,55.99725920411294,29.74230988678608
rising,20413,20505,92,17.76807330990746,31.695859028851853
rearing,20506,20625,119,10.898927087078455,32.064838078866075
grooming,20626,20805,179,21.417851620945694,34.56607126287411
sniffing,20806,20958,152,30.891499893162937,29.501180680217217
rising,20959,21001,42,74.82802796407537,29.880347996442843
sniffing,21002,21049,47,85.5004920340776,28.607150626403296
walking,21050,21103,53,148.40521484491816,28.713039635834885
sniffing,21104,21110,6,52.804627762785614,32.741712070948836
rising,21111,21127,16,23.490255839421998,33.11660370693577
left_turning,21128,21129,1,48.73872834775476,27.873827649374316
sniffing,21130,21147,17,42.94701625841485,28.196524775899043
walking,21148,21154,6,45.32126888629842,31.56635226203047
hunching,21155,21234,79,14.381383765831103,35.283684292041926
rising,21235,21262,27,29.47817401140611,31.03177644826846
right_turning,21263,21268,5,48.37349752941657,24.60014702610383
sniffing,21269,21282,13,31.019776543529463,24.834705179723795
rising,21283,21291,8,50.37712110048519,30.470410664865305
climbing,21292,21341,49,11.929731429725956,35.36288041157414
rearing,21342,21348,6,14.6832052518662,34.391580363449904
climbing,21349,21401,52,14.758100512979812,35.2578875401227
rearing,21402,21461,59,16.369638586290225,34.7488491967562
left_turning,21462,21468,6,75.8102412334498,29.89171905674758
sniffing,21469,21483,14,29.572086497359003,32.77639366886834
grooming,21484,21539,55,21.025499719964586,31.04969073663994
left_turning,21540,21542,2,41.480487067925125,35.262910802296076
sniffing,21543,21554,11,38.10210533813185,36.82675156575333
rising,21555,21573,18,45.79301455724689,36.89271861044463
stepping,21574,21587,13,73.827872633319,35.166381771711954
sniffing,21588,21616,28,19.557453433252135,34.472057833911904
left_turning,21617,21633,16,65.28146142132499,34.02210341764644
sniffing,21634,21641,7,64.37342691908641,37.839350084817
rising,21642,21663,21,20.95232616106342,36.625148255464076
right_turning,21664,21666,2,72.64519827059924,34.82781012185878
walking,21667,21671,4,103.52926546025103,36.482962751576714
rising,21672,21727,55,55.487656210846175,36.021480653345655
walking,21728,21761,33,168.55573809482118,31.593473913883546
left_turning,21762,21771,9,112.72800336231167,26.269650590767917
sniffing,21772,21787,15,27.416566080758415,28.037608552741098
left_turning,21788,21790,2,28.853973139051885,32.150300438286855
sniffing,21791,21818,27,35.11702220411323,30.452035824501525
rising,21819,21825,6,52.623623471155035,32.538140152651984
rearing,21826,21841,15,40.74042174408643,34.57885466116632
sniffing,21842,21916,74,44.06809974909341,31.583250839778678
left_turning,21917,21944,27,111.38762874414718,27.368730123073437
rising,21945,21951,6,60.993766218521344,31.669124849537294
climbing,21952,22066,114,17.17385573331193,35.8259440872863
sniffing,22067,22107,40,44.17760234589713,27.464560044804784
left_turning,22108,22114,6,99.85389827629355,26.2836172363323
sniffing,22115,22136,21,30.912794567651666,24.523234096994653
rising,22137,22144,7,27.414377958817514,29.204420989398514
rearing,22145,22147,2,20.34582798079241,34.24594775887113
climbing,22148,22265,117,31.63376515197596,34.25817345255943
rearing,22266,22271,5,40.09890115707213,32.2635738367245
rising,22272,22338,66,13.484883735198418,28.804880014073415
sniffing,22339,22405,66,15.420802705610013,26.018735446089323
hunching,22406,22445,39,22.142582947481642,32.688103002163295
sniffing,22446,22454,8,62.59234082792958,29.91664338123488
left_turning,22455,22464,9,141.68728577918682,32.950358605745514
walking,22465,22524,59,173.90508803787935,29.641264562661334
stepping,22525,22530,5,30.997663492342454,27.473412078842998
sniffing,22531,22637,106,29.097475311177337,25.96341193991677
rising,22638,22642,4,39.76340025314376,31.357657939228897
rearing,22643,22644,1,32.81673429994273,34.892040626226716
climbing,22645,22702,57,32.28642872452921,49.77698290118109
rising,22703,22721,18,29.81189127876768,33.5327511243014
sniffing,22722,22839,117,24.201449711090927,23.907406153765358
rearing,22840,22853,13,34.534877891832934,29.285231652757922
climbing,22854,22908,54,41.1641227463083,52.85832696376253
hunching,22909,22926,17,45.53874262466933,32.35185301744909
walking,22927,23021,94,142.2738347169143,27.726669302142064
sniffing,23022,23177,155,16.44316944516608,27.800689759300205
rising,23178,23182,4,26.774856127795573,33.06963179862804
rearing,23183,23210,27,19.354653445557425,34.93269617599059
sniffing,23211,23280,69,15.782042955780636,28.13400820267697
rearing,23281,23308,27,40.070712833939105,33.04246908894865
sniffing,23309,23411,102,31.580861057620474,29.851293430146814
hunching,23412,23420,8,31.420761345947952,34.01647410131398
rising,23421,23441,20,29.925645514405137,34.63772186243874
sniffing,23442,23527,85,37.54824515387264,30.781724637010527
left_turning,23528,23529,1,34.7380351439467,30.751786248397057
sniffing,23530,23539,9,38.84543180341633,30.470211309728086
stepping,23540,23566,26,48.143231499980935,29.890724091657457
walking,23567,23623,56,123.97305710150756,27.46505119445384
sniffing,23624,23662,38,22.989168647278312,27.512241462464033
left_turning,23663,23667,4,133.16665290328632,26.933579568323694
walking,23668,23672,4,129.9559943476226,25.923160390411738
sniffing,23673,23827,154,26.348529138905455,24.73693006439264
climbing,23828,23893,65,37.014691516293524,43.99996281392311
rising,23894,23919,25,34.848756729351805,32.19401852190255
sniffing,23920,23956,36,29.769036265711293,29.189455436612803
rising,23957,23976,19,21.65926688889055,30.62622016147298
left_turning,23977,23992,15,109.98872429260075,31.503934217997077
sniffing,23993,24035,42,26.760698953612582,28.51256820857001
left_turning,24036,24078,42,117.25670268517109,27.402541407427144
sniffing,24079,24118,39,22.427861819595325,27.717381443353805
rising,24119,24121,2,29.448904277133057,27.891496483237734
left_turning,24122,24136,14,111.12289859649968,26.80809534670955
walking,24137,24166,29,133.81654811372405,28.187031822734017
sniffing,24167,24214,47,31.267364890111764,29.039945493897374
rising,24215,24218,3,38.28495038867675,35.778222496643814
climbing,24219,24270,51,28.146395788465984,41.600738313262255
sniffing,24271,24278,7,38.94773936380929,34.085345427265665
left_turning,24279,24284,5,149.16670847922128,34.6736499979408
walking,24285,24367,82,155.06381953999494,30.732307619930758
sniffing,24368,24427,59,29.98307762860899,27.347599219627565
climbing,24428,24478,50,27.890495788638255,36.01120386953239
rising,24479,24505,26,35.66173743764701,33.63541507376909
sniffing,24506,24549,43,23.040707745212192,28.44294265825895
rising,24550,24561,11,25.47019430054844,32.84438827391356
climbing,24562,24603,41,44.051544819001,45.48731085137159
rearing,24604,24638,34,24.4560453544811,33.48748560085077
sniffing,24639,24678,39,38.15576409021374,31.300563005434913
left_turning,24679,24729,50,111.67969785907891,32.68413259842059
sniffing,24730,24839,109,35.15127785395276,28.753301255008715
left_turning,24840,24885,45,110.13020715283065,27.49176150542849
rising,24886,24918,32,44.49351370281585,28.505385153826808
sniffing,24919,24962,43,19.975149902924443,27.939527269373606
rising,24963,24969,6,31.18895096045323,30.422286372086198
sniffing,24970,25004,34,35.69838057456404,27.980467428470153
hunching,25005,25028,23,23.307311695052558,32.8612561054421
climbing,25029,25064,35,32.428362151651264,46.5820022983083
sniffing,25065,25159,94,21.180481299269957,28.16651488028274
rearing,25160,25199,39,21.03033589281068,32.98478470703382
sniffing,25200,25247,47,31.47198138457485,27.761728010492885
walking,25248,25281,33,84.73635605166298,29.332928303583582
sniffing,25282,25365,83,27.26004833385804,27.877530697968343
walking,25366,25392,26,154.94495001575527,26.91766390128732
sniffing,25393,25467,74,16.89606539555138,28.05088278535608
rearing,25468,25480,12,27.998231839274133,33.87581561407346
rising,25481,25506,25,61.84738291730399,32.33418276246226
right_turning,25507,25510,3,116.09168077823992,31.190457720155152
stepping,25511,25538,27,70.8625417911031,30.111727254602766
left_turning,25539,25567,28,106.28049566941264,29.071697902975504
sniffing,25568,25591,23,25.592068061461116,28.18317838864031
left_turning,25592,25618,26,82.15319116480572,28.47984952445582
sniffing,25619,25717,98,22.46126014240431,25.61771820743841
rising,25718,25722,4,33.64355651168,28.948266108198887
rearing,25723,25735,12,25.51178346943493,34.678899106204675
climbing,25736,25769,33,19.704137705163383,37.86167696614808
rising,25770,25772,2,29.680880374646787,31.920254919381353
sniffing,25773,25852,79,27.890783344332966,31.19949697937256
walking,25853,25897,44,180.94550372070398,31.3868427458379
left_turning,25898,25932,34,82.45859477582658,29.697151049387497
sniffing,25933,25966,33,24.124002780707528,28.516231198480554
stepping,25967,26065,98,65.16227183527812,26.876215824473906
sniffing,26066,26127,61,36.6508531527326,28.588944358568817
walking,26128,26176,48,174.32735402648925,27.92161998011064
sniffing,26177,26201,24,86.1678832803056,28.517228562441407
rising,26202,26206,4,44.49340922386526,31.589584256555792
sniffing,26207,26289,82,28.756827543615138,29.453653004897802
left_turning,26290,26295,5,112.04664612095966,30.068620648067803
walking,26296,26355,59,171.18422047079534,30.211951305841932
sniffing,26356,26507,151,47.64546581340063,27.958418036329448
walking,26508,26620,112,101.57495956085029,27.836594435310147
sniffing,26621,26831,210,33.77351379812966,26.667988415702503
left_turning,26832,26841,9,72.80704412572337,29.574826231693656
sniffing,26842,26881,39,38.3172294733793,34.45773029922804
rising,26882,26917,35,66.1221670629542,33.48654765209207
stepping,26918,26957,39,92.24853368181803,28.688933511173627
sniffing,26958,26992,34,17.40886554474691,31.51907293688418
left_turning,26993,27013,20,85.3084748868259,30.125562914293976
sniffing,27014,27020,6,62.032305634989655,30.723730419720557
rising,27021,27024,3,41.36652288041894,34.10984218629123
sniffing,27025,27032,7,47.63228948940747,33.679079762021246
left_turning,27033,27045,12,52.482947613020585,33.14783355044459
trotting,27046,27093,47,231.02985288901013,30.96457495882028
walking,27094,27145,51,108.44444249707331,27.100412993992197
stepping,27146,27189,43,62.15866883450085,26.27028253400098
sniffing,27190,27215,25,31.344088137423533,28.85535783918976
rearing,27216,27225,9,31.42078386697903,31.144259156860947
grooming,27226,27240,14,50.859530329184636,29.7284626983453
left_turning,27241,27242,1,55.34595703016822,26.188642214322183
sniffing,27243,27283,40,31.505639505184156,26.19519983442315
left_turning,27284,27303,19,94.322684120626,29.281566990570973
sniffing,27304,27335,31,42.70622556670051,29.92787818250468
trotting,27336,27340,4,188.16814318626126,29.471106159802154
walking,27341,27385,44,148.989815238733,28.62521054156521
rising,27386,27428,42,39.09305851600584,33.40039208232622
left_turning,27429,27438,9,103.39821815962232,30.46995300572136
walking,27439,27448,9,144.65347713923603,30.540594570779422
rising,27449,27473,24,73.92578265624296,30.03338617107948
sniffing,27474,27492,18,30.18921540097547,28.037967793504897
rising,27493,27499,6,30.416652883604108,32.92561941644779
climbing,27500,27550,50,33.40314515657749,52.340975763948066
rising,27551,27567,16,22.40378001639469,33.87726897055855
left_turning,27568,27576,8,121.73332423314375,34.16297729179694
trotting,27577,27629,52,218.78728420434425,32.11580777073725
walking,27630,27656,26,196.50630540117803,28.837108892755367
rising,27657,27659,2,68.1139701978201,30.95921019265514
sniffing,27660,27714,54,30.47706621503102,27.614538178398732
hunching,27715,27733,18,17.046012504972737,31.275559127462788
rising,27734,27773,39,13.778753758819175,30.348893187958005
rearing,27774,27783,9,19.972363819039476,30.66407498493309
sniffing,27784,27825,41,47.70600745782864,31.55109502507413
left_turning,27826,27853,27,94.79396816935652,33.641081698300596
sniffing,27854,27865,11,58.47340400309296,36.377985758247526
walking,27866,27884,18,184.25375026958162,33.48112461942099
left_turning,27885,27943,58,94.99400878292963,26.53948861280074
sniffing,27944,27962,18,58.76792938158647,30.629308271754912
left_turning,27963,27984,21,94.21960424929124,31.17692880832336
sniffing,27985,28011,26,37.60229450809108,31.531936004644283
left_turning,28012,28020,8,61.75161055004256,28.52057454515471
sniffing,28021,28067,46,33.60513513034964,28.85838824691374
left_turning,28068,28077,9,136.50345499482438,27.794793944539293
walking,28078,28087,9,140.94784167642922,27.285853423839303
sniffing,28088,28161,73,22.63454282999079,27.852882299449497
stepping,28162,28176,14,61.221525683125016,27.99378624967103
sniffing,28177,28205,28,55.82406010288179,28.72645620442251
rising,28206,28229,23,46.45572976093587,33.39412431434161
right_turning,28230,28257,27,82.59474623946015,31.368759085283465
rising,28258,28291,33,65.99975036675063,33.362740299087534
stepping,28292,28343,51,98.89196220669785,31.159051003860494
walking,28344,28347,3,131.04805667743148,30.851985620785612
right_turning,28348,28350,2,103.11633172124026,31.644697087318033
hunching,28351,28357,6,53.89863789219628,33.94112593660772
grooming,28358,28362,4,28.71850255334179,35.05243913282603
climbing,28363,28471,108,18.60135206761631,35.2357876784961
rising,28472,28477,5,93.49841819415325,30.586109684696968
rearing,28478,28482,4,46.96946746706107,35.61732486590581
climbing,28483,28576,93,14.19363279286652,37.55041483469589
rising,28577,28595,18,59.684967233885665,33.39946539923519
climbing,28596,28656,60,25.500091509056396,36.932978553073944
rising,28657,28692,35,27.81927898533003,32.20128941986033
climbing,28693,28772,79,15.676099856170634,34.47329890318482
grooming,28773,28795,22,25.872142730513232,33.855166527485046
rearing,28796,28798,2,15.493345674253343,33.23619874218479
climbing,28799,28849,50,20.68283320509526,35.22393438211581
rising,28850,28873,23,44.445095930591044,34.65442539070242
climbing,28874,28898,24,18.23485412591846,37.08640062145934
rising,28899,28901,2,35.07224363021496,32.45593563217064
sniffing,28902,28917,15,42.840196496535704,27.07906189334595
rising,28918,28921,3,43.51802737747331,31.722626547614567
climbing,28922,29016,94,23.934072852256563,37.50715715537561
walking,29017,29023,6,69.43670435430775,34.989148524798814
left_turning,29024,29030,6,84.57447993321361,35.89686903419202
sniffing,29031,29096,65,52.45602155583573,33.39690163935863
grooming,29097,29141,44,47.29764772368456,33.47957787243603
climbing,29142,29170,28,30.426672144640932,41.025382315360396
rising,29171,29191,20,52.67820355500856,35.366916006104084
climbing,29192,29271,79,25.194309448792303,36.07852148916132
rising,29272,29281,9,36.66187839996338,33.76950134176528
sniffing,29282,29284,2,57.46927425388264,30.30324985075214
left_turning,29285,29291,6,73.96977011015974,31.096671347760985
sniffing,29292,29395,103,35.24697917101665,31.196366484234566
rearing,29396,29400,4,36.44659868067807,36.78028855704568
climbing,29401,29517,116,21.70038444003708,39.50794882401726
right_turning,29518,29546,28,72.4063821407235,35.783506057717986
rising,29547,29598,51,36.90612278095023,36.868164428114994
rearing,29599,29613,14,30.707856153712882,35.18169877259503
left_turning,29614,29625,11,132.13265229876967,35.41331897947228
right_turning,29626,29629,3,86.94956928208319,38.1114020375315
rising,29630,29636,6,30.877314818661887,37.44823165195817
climbing,29637,29667,30,19.501975593944948,40.95477313312443
right_turning,29668,29671,3,25.439985414992407,38.71996665273952
stepping,29672,29691,19,85.04648521435215,32.43113799176844
walking,29692,29734,42,143.83409676474398,31.787761340917204
rearing,29735,29752,17,31.195923389891984,34.601593542478476
walking,29753,29781,28,154.41447574597015,30.165560638867724
rising,29782,29786,4,66.54275917386292,35.138830894913795
rearing,29787,29796,9,39.14043908138294,35.75027383124045
grooming,29797,29806,9,44.00730570303192,33.53263769817185
left_turning,29807,29818,11,138.36492594737305,34.01340184709139
trotting,29819,29843,24,224.37891639844167,33.52322068260417
walking,29844,29853,9,101.62512486649646,33.74260911663823
rising,29854,29855,1,53.47055403633793,35.47788744056372
rearing,29856,29870,14,21.08016971897039,34.89872371261446
climbing,29871,29924,53,17.216797433392045,35.700511521853116
grooming,29925,29937,12,31.783452376177557,31.83033639162597
walking,29938,29987,49,100.48048112616007,31.200180306999435
sniffing,29988,29997,9,37.48528137330698,32.51810329254995
rising,29998,30043,45,26.069342998448064,32.083408362393286
rearing,30044,30060,16,22.01982715811741,36.39723231797475
walking,30061,30065,4,64.5994132621254,31.66867867978936
sniffing,30066,30101,35,48.62316005215742,35.80985970587044
left_turning,30102,30107,5,103.09674536994935,36.33253425991063
trotting,30108,30156,48,221.74551434288284,34.15974554580425
sniffing,30157,30157,0,93.45394194552097,28.352171732632087
rising,30158,30166,8,68.96603250104943,32.18324845276798
climbing,30167,30207,40,38.12746580020754,48.9347386650437
rearing,30208,30230,22,43.96738017741353,36.678371720029524
right_turning,30231,30250,19,107.87522176250896,30.887091423182692
rising,30251,30289,38,39.613345580636256,32.513593485477834
climbing,30290,30309,19,18.775649800393857,35.04504095302449
hunching,30310,30317,7,23.006073574410006,33.59223428724373
rising,30318,30322,4,21.843267691157582,30.506695390267055
sniffing,30323,30348,25,38.18343757279673,28.739788127389
rising,30349,30357,8,91.8709422798506,34.50026272685649
walking,30358,30393,35,102.57686284842117,34.29613179131471
right_turning,30394,30434,40,68.04307448755465,33.02251488041215
walking,30435,30465,30,199.08250003798145,32.97788757178409
rising,30466,30508,42,34.56187055194915,33.54264646852685
walking,30509,30509,0,117.99207585321965,34.188384037205296
sniffing,30510,30558,48,77.23877617335481,27.989637766576102
rising,30559,30607,48,48.94002923013255,30.998821007614588
rearing,30608,30645,37,22.060116867532937,32.66133402808738
stepping,30646,30657,11,83.94090536607682,28.66321771746911
rearing,30658,30670,12,31.318138983952494,32.3240408957165
climbing,30671,30785,114,22.205227917254966,39.671171162369966
rising,30786,30788,2,34.738205425738606,30.897469323269203
sniffing,30789,30850,61,27.095638542874468,23.683804361710294
rising,30851,30859,8,33.86162236123624,32.20331750314219
climbing,30860,30911,51,32.78090343272857,39.60629418964103
rising,30912,30930,18,42.497561124743655,32.13642579981615
sniffing,30931,30955,24,57.244389618096335,29.59728336194
walking,30956,31010,54,207.7325203161413,32.3681950051125
stepping,31011,31054,43,103.92116485795962,27.22448220688674
rising,31055,31058,3,31.19444028575169,28.770647050811505
walking,31059,31062,3,49.528303473262774,31.74543788608738
rearing,31063,31075,12,67.00574887220992,34.23754174158391
right_turning,31076,31078,2,130.03312891695563,32.22900450323174
trotting,31079,31081,2,130.03312891695563,29.511884499940777
left_turning,31082,31091,9,79.62976607500332,29.03738005373514
sniffing,31092,31142,50,65.88128680087473,28.895074156527283
rising,31143,31145,2,32.97281814180847,32.232714345058774
rearing,31146,31149,3,37.03098727593459,36.67128510559114
climbing,31150,31233,83,29.62762527145691,50.52273927560164
walking,31234,31235,1,55.1032668159013,36.70326362476285
sniffing,31236,31279,43,28.786601518342692,27.285980116421353
climbing,31280,31320,40,40.574125073617516,47.52307982524903
right_turning,31321,31341,20,49.61731593355624,29.863985453785734
sniffing,31342,31458,116,23.63250490662949,31.63217651617721
rising,31459,31512,53,22.33181164000743,31.717254641736346
climbing,31513,31532,19,30.747193846166475,31.645892468666613
grooming,31533,31642,109,30.334654450794382,30.517206510617935
rising,31643,31681,38,26.647654342926515,35.486825596232784
hunching,31682,31692,10,38.923709628185726,38.68663643585967
walking,31693,31774,81,172.47574168107226,37.15612684201363
left_turning,31775,31781,6,144.91943541226462,29.974184599378372
sniffing,31782,31806,24,27.34429662012078,28.691343965084066
rising,31807,31818,11,33.103090961309015,31.63962725130754
climbing,31819,31874,55,31.144411410171195,32.70176013957046
left_turning,31875,31882,7,96.00659254737698,29.817695390830433
sniffing,31883,31939,56,48.88804232407735,29.14970224206264
walking,31940,31963,23,141.62733159800328,29.112325082463727
rising,31964,31971,7,31.613402607017605,32.77209443231641
rearing,31972,31981,9,20.265346887992838,33.19442581990825
walking,31982,31996,14,61.03974751079922,31.30475116764547
trotting,31997,32002,5,182.83392381805945,29.038740106722646
sniffing,32003,32097,94,33.63303514211291,28.350810855681257
walking,32098,32103,5,75.99977004519944,33.929271758259794
sniffing,32104,32142,38,41.251511209559624,29.781041070829023
walking,32143,32194,51,100.46028538357834,27.73782443677218
sniffing,32195,32200,5,37.7200834685081,27.179452460402857
rising,32201,32206,5,61.038142224181,26.226327859145034
walking,32207,32236,29,183.65948313345416,28.730060188215244
sniffing,32237,32277,40,27.50634373230958,31.211216906696116
climbing,32278,32325,47,22.975721951998782,36.986405223829934
rising,32326,32332,6,69.73791737668242,32.919629018960364
left_turning,32333,32337,4,113.33441350267978,31.641285283504477
trotting,32338,32384,46,218.67366777503648,31.833751919564563
walking,32385,32403,18,191.75115507516017,28.57495063059188
sniffing,32404,32449,45,32.65381694642703,27.97116076381058
rising,32450,32465,15,44.66788374494129,29.589790756996727
left_turning,32466,32473,7,116.49488598140684,26.298167598560156
sniffing,32474,32573,99,21.479455349654454,28.808321506480084
left_turning,32574,32578,4,126.72836702665889,34.32480804267338
walking,32579,32598,19,141.5672832744802,35.06998977340017
sniffing,32599,32599,0,57.44602192548326,33.70696708214053
rising,32600,32641,41,16.531751614888872,32.18123913279992
sniffing,32642,32654,12,66.29727293508887,33.19614993282853
walking,32655,32707,52,117.01579358232281,32.04936115883512
rearing,32708,32720,12,29.73560440549624,33.33781136589734
walking,32721,32727,6,35.59702632528785,33.33730774199279
sniffing,32728,32744,16,25.742058361614568,29.34127004007846
rising,32745,32752,7,66.51984595055129,28.216272147199984
sniffing,32753,32843,90,58.65745520792171,24.46669294140079
rising,32844,32846,2,28.737974264226025,27.94861166988315
rearing,32847,32852,5,25.640174161042378,30.871459327589537
climbing,32853,32876,23,25.292551774709796,37.37866022441756
rising,32877,32880,3,28.44710581906335,29.598148316178577
sniffing,32881,32935,54,13.231477067414882,27.272349668390287
rising,32936,32940,4,19.60331069597844,25.583022709109578
sniffing,32941,32999,58,25.009641767393635,26.282818933862856
rearing,33000,33033,33,33.649741020130875,31.360715285627233
left_turning,33034,33053,19,53.84627821734493,28.762055063730607
sniffing,33054,33062,8,39.87065675256176,29.289033008741058
left_turning,33063,33074,11,72.46292787298606,28.870426520919654
walking,33075,33127,52,164.30950316001974,29.62469956139745
trotting,33128,33132,4,194.6429680130865,27.1735883639813
sniffing,33133,33217,84,72.55961742655539,28.118605385279118
climbing,33218,33366,148,25.81051595968877,44.91176663422072
rising,33367,33369,2,21.997488767713467,36.448780159088244
sniffing,33370,33418,48,22.33254746403877,27.796249484454176
rising,33419,33433,14,22.54371807959849,28.117054957444164
climbing,33434,33513,79,38.40731545443769,52.77670200341888
rising,33514,33559,45,23.527942875879738,30.21154854808956
hunching,33560,33606,46,20.89683380490522,31.55517046401748
sniffing,33607,33643,36,32.58334373410796,24.94506892910528
rising,33644,33648,4,26.716154856881285,30.58190245608477
rearing,33649,33656,7,23.83301440469227,35.32973956521669
climbing,33657,33690,33,36.75926909315223,46.714830435441925
sniffing,33691,33710,19,35.36447059799419,34.204428394359255
left_turning,33711,33711,0,86.59358453740674,33.760281815009954
sniffing,33712,33755,43,65.19175208075269,33.39071488382385
walking,33756,33815,59,189.3170411137832,31.587730890266947
sniffing,33816,33858,42,61.21487437505767,28.190601834143312
left_turning,33859,33873,14,96.63883074832516,25.42549199859333
sniffing,33874,33918,44,26.53288586203263,24.16821725303206
rising,33919,33937,18,28.552346737828856,31.1448921289637
sniffing,33938,34008,70,18.156247908122555,26.94341962664784
climbing,34009,34074,65,42.73038245919594,53.62346511255191
hunching,34075,34129,54,21.56090848177812,34.89771007902432
rising,34130,34147,17,13.195961532026205,32.84143782025711
sniffing,34148,34203,55,33.04679385918423,30.035827824634357
rising,34204,34208,4,54.986638893398414,28.794427234398295
left_turning,34209,34214,5,120.630095855001,29.418381393865022
sniffing,34215,34312,97,34.23368388606171,30.212937072625696
walking,34313,34391,78,129.84082787112982,32.729677170601484
sniffing,34392,34424,32,59.69961862279616,30.375733775012485
left_turning,34425,34452,27,70.67213637139382,27.761524841974484
sniffing,34453,34564,111,33.51516558052423,32.2927982499537
walking,34565,34569,4,169.24373552564543,33.91557079364054
trotting,34570,34594,24,216.135611403245,31.629035974905065
sniffing,34595,34675,80,55.57225647817035,27.23820564350926
rising,34676,34682,6,44.00676138654489,31.949475323042503
rearing,34683,34742,59,12.821763819069895,35.40303358969053
hunching,34743,34756,13,15.648315428613486,33.32594861147367
rising,34757,34829,72,14.369174777772294,31.813727764117424
sniffing,34830,34992,162,26.950356899549515,30.100528575313128
left_turning,34993,35019,26,119.0596004898248,28.84712601743945
sniffing,35020,35034,14,24.643469336708545,27.71730435790615
walking,35035,35035,0,24.598723598232297,33.46206427561544
grooming,35036,35065,29,49.09424343835277,33.97859531859719
left_turning,35066,35070,4,74.15124158396203,30.56586854149607
sniffing,35071,35099,28,45.32813075177571,30.522532845177007
walking,35100,35162,62,131.1330427755827,32.69678033161395
sniffing,35163,35194,31,43.14712132145954,30.011706770664375
walking,35195,35210,15,98.78423451867282,27.6936216864431
sniffing,35211,35252,41,27.832589594001142,30.800106034665493
rising,35253,35308,55,12.16919789788005,31.962828517166855
sniffing,35309,35452,143,18.82959784964572,31.137304618658025
rising,35453,35457,4,27.779899954285987,32.04112352767803
rearing,35458,35469,11,18.477680171889382,33.428565846228146
rising,35470,35480,10,19.570931235586194,33.32667144008968
sniffing,35481,35502,21,36.74597153450216,32.69359125051812
hunching,35503,35542,39,15.335284324670756,32.37971778010583
rearing,35543,35562,19,15.216119859783072,35.39101706530528
rising,35563,35578,15,23.085089318554886,33.82344082738664
sniffing,35579,35602,23,23.370933370092192,31.93990951703724
stepping,35603,35604,1,89.12476684495358,31.640798465994727
walking,35605,35629,24,139.69553218912725,33.22500351688236
sniffing,35630,35656,26,46.13216129726533,30.404762850678043
walking,35657,35657,0,39.37896571509835,32.762716189124674
sniffing,35658,35706,48,20.743734107207953,30.34567963290448
rising,35707,35735,28,32.345142488219366,29.00392759023127
rearing,35736,35745,9,48.25900548222164,34.687551961348305
walking,35746,35750,4,77.43874727753403,34.56045908376154
left_turning,35751,35752,1,114.25461519836811,32.1362672858119
walking,35753,35757,4,115.19037971042633,31.84197214112412
left_turning,35758,35767,9,135.25348419089113,31.509997747961222
walking,35768,35812,44,119.90252262256276,27.958861021195112
left_turning,35813,35817,4,102.65849043951808,25.192821758347584
sniffing,35818,35823,5,54.247284710817446,27.390530449197982
rising,35824,35840,16,17.689236514062458,29.43468453380379
sniffing,35841,35903,62,16.636781355070664,26.74791561596492
right_turning,35904,35915,11,48.37640527023023,23.61325441486451
sniffing,35916,35932,16,26.41977790121172,24.549831398491186
rising,35933,35935,2,42.77418249336389,33.38335622029741
climbing,35936,36015,79,38.79317991525873,50.298693703038126
rising,36016,36040,24,18.819404614330402,29.868186052752367
sniffing,36041,36120,79,17.855508308846957,27.106133193079994
left_turning,36121,36130,9,71.45425784098333,28.521197247883315
sniffing,36131,36182,51,57.290294169585714,27.73819182295587
left_turning,36183,36228,45,96.81924862228172,29.102564990483028
walking,36229,36308,79,119.46191871906308,27.567536080577447
sniffing,36309,36403,94,29.076000082545068,25.399609352763065
rising,36404,36408,4,34.8185870640457,31.13176243960395
rearing,36409,36433,24,23.829676025118584,35.06594590968645
left_turning,36434,36448,14,51.66219230530627,29.231585228727248
sniffing,36449,36568,119,21.42525516434517,30.813550777732925
grooming,36569,36613,44,17.527234091222873,33.00230371582758
left_turning,36614,36631,17,78.76597140526002,32.94449114712188
walking,36632,36668,36,137.92280602500662,31.223537339653358
sniffing,36669,36774,105,22.916860448627286,35.79412659033553
grooming,36775,36879,104,32.6896651859588,32.7217527372668
sniffing,36880,36979,99,30.103457194008847,27.816430627258352
rising,36980,37024,44,61.95965367724504,31.798774915775383
sniffing,37025,37128,103,25.931077149620968,30.171761344767805
rising,37129,37177,48,45.93407775201932,28.65611238626903
stepping,37178,37227,49,74.61838245057994,27.83361522834137
sniffing,37228,37330,102,29.942347897694507,27.27376530003847
climbing,37331,37445,114,25.077089642333878,39.16719415279476
sniffing,37446,37457,11,34.25026938458711,30.224445913906
rising,37458,37517,59,30.150363517911817,35.29103906008731
left_turning,37518,37569,51,115.92431213651702,33.4007671497482
walking,37570,37610,40,137.16647292807272,27.56243502088089
sniffing,37611,37627,16,38.16283374658273,29.64058699933312
stepping,37628,37660,32,75.66307428098827,26.83854990999168
walking,37661,37691,30,89.00674377540032,26.28891397638643
rising,37692,37701,9,49.799137189677026,32.920961975703975
climbing,37702,37751,49,46.42143346947579,44.6070580410686
right_turning,37752,37760,8,126.85219197755944,30.23930928393888
walking,37761,37806,45,167.62399524034655,32.413885866061015
sniffing,37807,37860,53,60.279924743143965,27.048821531189418
rearing,37861,37890,29,68.68002561151847,36.68036701101796
left_turning,37891,37908,17,108.93850798071256,27.898431578700393
walking,37909,37930,21,77.2505988005108,27.48374146289076
rising,37931,37950,19,55.62572803486647,34.83067975203951
walking,37951,37971,20,137.53080696507453,31.96027233864883
left_turning,37972,38027,55,84.29599632633689,27.652952696575344
sniffing,38028,38054,26,42.93712155764915,24.14061767461214
left_turning,38055,38100,45,90.82094099497354,26.869543488231848
walking,38101,38109,8,158.17728603991876,30.48068400264552
rising,38110,38143,33,61.944099581955186,30.12160480872792
climbing,38144,38173,29,46.18005641328547,48.60403560002471
rearing,38174,38178,4,49.86736921562412,35.07686916769261
rising,38179,38183,4,57.058260261601426,29.581770165498803
left_turning,38184,38230,46,108.6257383249968,29.32016718404526
rising,38231,38281,50,46.76932515464757,29.616807995215286
climbing,38282,38351,69,34.55006140771166,49.10430543771489
grooming,38352,38386,34,30.31424424419545,36.314402793021486
trotting,38387,38420,33,226.50890575881107,33.05537697494399
sniffing,38421,38447,26,26.679563878344297,29.754431580058593
rising,38448,38470,22,46.236928838874064,36.291059430133465
walking,38471,38495,24,116.96067161133294,33.839324592854766
rising,38496,38533,37,67.21861740533079,31.775694149959122
rearing,38534,38578,44,29.1244329926742,36.85299566328708
climbing,38579,38608,29,45.37029419155962,54.071553312154656
walking,38609,38613,4,38.43264139608472,36.65758806405414
sniffing,38614,38826,212,20.902195799396253,29.085368296770934
left_turning,38827,38845,18,94.7485577038226,29.10193706136661
sniffing,38846,38944,98,32.5650359540985,33.07923689617349
rising,38945,38985,40,37.76698775076301,27.710133444508234
climbing,38986,39065,79,41.45338829175247,52.70164983997906
hunching,39066,39070,4,66.64656995739684,36.38529252203985
sniffing,39071,39085,14,29.71301825159669,33.033752872444445
right_turning,39086,39145,59,94.5179166247951,33.189360667526145
sniffing,39146,39215,69,19.69493006338279,29.66647064379017
left_turning,39216,39257,41,83.37391567083,31.47489662514716
right_turning,39258,39283,25,73.9430459677245,31.97195522795815
left_turning,39284,39324,40,110.88653948320939,26.335925612973845
sniffing,39325,39360,35,33.035401480139875,26.906908491197107
rising,39361,39381,20,17.781004110577577,29.487556576261277
grooming,39382,39406,24,28.291560081304773,40.69742667310521
sniffing,39407,39490,83,44.498321462342474,30.360312469609386
rising,39491,39512,21,59.34444210417473,35.41449018200735
sniffing,39513,39548,35,88.94006043585955,29.527652904102656
walking,39549,39588,39,167.5528629606997,26.437307109942907
sniffing,39589,39675,86,60.00317062757191,25.536267530232838
walking,39676,39709,33,150.7226120264442,25.41662209709966
sniffing,39710,39747,37,45.09894437667074,27.905347521904112
left_turning,39748,39794,46,79.60419228314487,27.337052706557575
sniffing,39795,39819,24,21.466405335163227,28.40268190422715
grooming,39820,39874,54,17.92423729998597,33.009221973212384
sniffing,39875,39889,14,23.619953868903718,28.434314386627612
rising,39890,39914,24,56.96952802773953,31.716889231347803
walking,39915,39947,32,100.78361872777347,29.063518258438055
stepping,39948,39968,20,83.55611850077796,28.822236265220752
walking,39969,40075,106,115.07344958323146,28.369987813926546
sniffing,40076,40099,23,39.83710634344188,28.24230989827521
walking,40100,40118,18,159.4657885289528,26.79612531286337
left_turning,40119,40145,26,98.420188879263,26.316454145886514
stepping,40146,40169,23,80.87522994150902,26.25233894699208
sniffing,40170,40239,69,50.80669251273436,23.662031061514877
left_turning,40240,40260,20,90.25892325996836,28.72704800824468
walking,40261,40281,20,84.78179150661927,27.24625820807434
sniffing,40282,40341,59,17.746601913834322,28.975259755620378
climbing,40342,40396,54,20.943974938936844,34.027171976754644
walking,40397,40426,29,164.26744671751823,26.790741880484834
sniffing,40427,40447,20,36.71278095106247,27.789427386451184
left_turning,40448,40485,37,125.62259715594998,29.25838167644331
sniffing,40486,40520,34,29.330898420362832,28.463543379556288
climbing,40521,40545,24,47.00795547875101,43.55940624334271
sniffing,40546,40555,9,46.11602832811838,32.842018710699016
trotting,40556,40587,31,186.08420586750626,34.57275069597561
sniffing,40588,40790,202,60.97743620631153,29.69749197589297
grooming,40791,40845,54,18.664233343370828,35.6675516473947
sniffing,40846,40921,75,23.250026518581716,28.13757762654213
climbing,40922,40971,49,17.16257193318545,35.74945735857594
sniffing,40972,41055,83,38.530216021970325,33.82606126105385
walking,41056,41102,46,136.52467484631964,32.08647914790961
sniffing,41103,41134,31,31.986544981464085,32.24302206829595
rising,41135,41201,66,37.46097756890744,30.388892400078873
stepping,41202,41250,48,78.51519511982619,26.948501385751126
sniffing,41251,41292,41,15.703618886475716,25.966138851354994
climbing,41293,41442,149,30.170251478194363,41.7316588722978
left_turning,41443,41472,29,83.13932660088334,35.01135889216089
sniffing,41473,41493,20,63.359881356348176,31.96858189268673
walking,41494,41540,46,151.8376836710636,34.60431288971972
rearing,41541,41555,14,45.76213613595662,36.19032183890194
left_turning,41556,41607,51,103.35145015972647,26.8706319532029
sniffing,41608,41660,52,36.74425316598557,24.902431679501035
stepping,41661,41668,7,109.07097813019473,25.475807375795497
walking,41669,41675,6,113.3493553798196,25.1676077113704
sniffing,41676,41697,21,37.2909425081658,29.364526826812096
right_turning,41698,41734,36,79.99825363303702,28.44550136856545
left_turning,41735,41775,40,94.51990310055169,28.607855782400954
sniffing,41776,41859,83,52.55440317538432,25.473865122730427
rearing,41860,41874,14,21.94888675739877,31.499677333991666
climbing,41875,41934,59,29.219668122646812,33.194696967376444
sniffing,41935,41985,50,37.9844175597274,27.533341262686445
walking,41986,42031,45,156.53390710939712,31.077116298775106
sniffing,42032,42122,90,42.84857440083718,30.017654453515288
right_turning,42123,42177,54,72.13642885755625,31.14509671971771
left_turning,42178,42216,38,126.65290128472651,25.117800712562723
sniffing,42217,42269,52,38.272378327002535,25.03187456953938
rearing,42270,42309,39,11.211037907967237,29.682811903611487
right_turning,42310,42342,32,39.934644165934785,28.07620096100411
sniffing,42343,42470,127,46.67957495231509,24.84121009384358
rearing,42471,42500,29,25.552849380009715,31.115135035216056
sniffing,42501,42662,161,42.703976032894616,28.686073369069852
walking,42663,42683,20,202.416360677346,29.352546485996772
sniffing,42684,42695,11,68.33285400243491,29.175131754553913
walking,42696,42713,17,98.33912288353507,29.40939413069532
right_turning,42714,42755,41,66.90538372106862,29.84324326167069
trotting,42756,42780,24,203.88737844518172,30.164495442801016
walking,42781,42819,38,124.2172814686305,28.247227174527136
left_turning,42820,42859,39,82.83977671254434,27.600767299437905
sniffing,42860,42891,31,33.38325814065634,29.102380400689015
left_turning,42892,42914,22,146.0379486439751,32.318265523331036
sniffing,42915,43033,118,29.51010124391224,29.98471469692569
walking,43034,43104,70,144.75987079102163,31.925410249180803
sniffing,43105,43144,39,27.273377673487886,27.301130467270934
right_turning,43145,43154,9,104.71923976250307,27.460199251853634
sniffing,43155,43201,46,66.7075024823136,27.176194555920706
rearing,43202,43236,34,23.89567385710306,33.31402634618329
climbing,43237,43296,59,30.804646957430958,50.22490993272603
rising,43297,43356,59,24.231229654710546,30.16655709267887
sniffing,43357,43554,197,40.566969401832445,30.406325327561873
climbing,43555,43614,59,17.275619420609782,34.16802288928145
sniffing,43615,43744,129,26.231394765936038,31.19072851195356
grooming,43745,43984,239,23.251771005458615,33.299330269047395
climbing,43985,44039,54,27.326354379007483,32.55286585909238
sniffing,44040,44074,34,25.50794753206184,34.46546719766541
grooming,44075,44159,84,37.20873057834942,37.580213142540885
rising,44160,44234,74,23.073942102295497,32.20688759827
sniffing,44235,44324,89,23.967288900591054,31.785943045954436
grooming,44325,44379,54,18.68610065580962,32.72058587416181
right_turning,44380,44396,16,58.111609856305584,35.165771586161455
walking,44397,44443,46,162.71324190020263,33.02527794253329
stepping,44444,44460,16,80.18736771384202,31.375330022484317
rising,44461,44518,57,76.24115349942396,29.021603957216197
hunching,44519,44563,44,21.965250945439674,33.5496680365861
sniffing,44564,44598,34,24.3874309654309,27.943324698450017
climbing,44599,44678,79,17.13531543764186,34.922243306886784
rising,44679,44713,34,19.71167357485443,28.298569214064496
climbing,44714,44743,29,55.94219095044807,43.65025049826537
sniffing,44744,45164,420,31.932598093254207,31.069421712252513
right_turning,45165,45180,15,60.70625920673662,27.10868471076876
sniffing,45181,45228,47,28.82597249338713,26.058737993672327
rising,45229,45298,69,66.22137810202943,29.44431501483244
sniffing,45299,45335,36,47.44163808832817,27.95641793275851
stepping,45336,45352,16,85.87669701530235,27.967168445596183
rising,45353,45395,42,43.15322198481794,23.275481041860402
climbing,45396,45505,109,21.983697592157206,38.66638679315981
sniffing,45506,45610,104,31.79149083487583,27.62384647583713
grooming,45611,45640,29,23.590973404068116,28.506570246685236
sniffing,45641,45670,29,23.621015425059614,28.496561343796852
walking,45671,45771,100,122.04304421080793,30.510379701891488
sniffing,45772,45915,143,65.31921820079587,29.288964194866246
stepping,45916,45959,43,101.05897925923492,31.96135031665549
left_turning,45960,46015,55,99.68856681915885,30.43949018025116
walking,46016,46028,12,118.42398296776565,27.796971916292428
sniffing,46029,46054,25,25.50689074718884,29.407359752419953
left_turning,46055,46076,21,122.95618732593253,29.795056233628273
stepping,46077,46090,13,68.31042787008641,29.818962100507395
walking,46091,46125,34,128.16552496225395,26.476568858603553
right_turning,46126,46147,21,66.74688828343518,28.931969126436453
sniffing,46148,46189,41,68.5463173250392,24.44678074338838
rising,46190,46204,14,32.45277723785399,28.996421237027317
climbing,46205,46264,59,39.57166846901244,51.027050707452084
rising,46265,46274,9,48.19570945846868,29.801367945909654
right_turning,46275,46314,39,89.5476469072796,30.086194565890445
running,46315,46346,31,277.5112789678957,30.70399361924153
walking,46347,46377,30,148.0956311738244,29.291442405393823
left_turning,46378,46415,37,64.98689074933368,28.402743673856065
sniffing,46416,46440,24,26.243875211783156,24.132719159698404
rising,46441,46450,9,39.825814189259624,29.92464339091068
rearing,46451,46485,34,29.469885584554067,34.52948396255079
sniffing,46486,46743,257,27.796491118338633,33.140584478531636
grooming,46744,46863,119,14.056880487872803,31.141820212515185
sniffing,46864,46883,19,17.57283092793972,35.10058422094887
rising,46884,46908,24,15.24190865703522,38.185983650598814
sniffing,46909,47058,149,22.7370870779949,33.64424354727158
rising,47059,47093,34,10.158149753301295,33.89687141469188
sniffing,47094,47108,14,14.964396459181783,33.363170556646544
grooming,47109,47153,44,23.749403382290392,33.95816688918568
sniffing,47154,47224,70,30.779511657562523,31.084575887791768
stepping,47225,47239,14,81.45597417016337,34.62364450829306
walking,47240,47284,44,201.8397202980743,31.441494152288094
right_turning,47285,47299,14,83.86238395351737,28.672312382979836
sniffing,47300,47324,24,15.421404942617066,28.091462598561726
climbing,47325,47489,164,12.48951410736065,34.258265765547314
rearing,47490,47539,49,16.621432219222886,34.195736553199716
climbing,47540,47649,109,13.41656275256069,35.324463463518406
hunching,47650,47684,34,21.37755193962923,31.471814186739746
climbing,47685,47769,84,11.347463485477006,35.638640931724254
hunching,47770,47814,44,13.718059161921948,35.03819093209088
sniffing,47815,47844,29,24.241324018767354,29.8491447398631
rising,47845,47870,25,50.31527740572015,29.12705065081525
climbing,47871,48040,169,18.949440270572424,33.982735676558214
sniffing,48041,48100,59,30.913554521420462,28.730408202189395
walking,48101,48148,47,74.49420020417102,29.64758364244668
sniffing,48149,48323,174,19.208010700373265,30.029124513956905
grooming,48324,48448,124,13.16791120417289,33.05602173593527
rearing,48449,48533,84,14.068311242688988,32.036734191760594
sniffing,48534,48588,54,47.968063860399276,30.61602721563431
grooming,48589,48618,29,20.74163718541056,31.6371414324885
right_turning,48619,48675,56,56.60927928857947,29.652355324032317
sniffing,48676,48720,44,40.01059643387318,31.293636453836367
stepping,48721,48740,19,55.77819491411217,28.30170618959454
sniffing,48741,48849,108,22.758217440219212,29.820736206827306
rising,48850,48869,19,31.826624952161893,33.444819978339424
sniffing,48870,48971,101,33.41298972374781,31.50448146046564
walking,48972,49097,125,125.73320832264069,29.401903351315212
sniffing,49098,49141,43,57.72923441333848,28.121693491688664
left_turning,49142,49162,20,110.19011894363231,31.341880840527704
sniffing,49163,49197,34,41.53946489161143,30.24244771346636
rising,49198,49224,26,62.66530300996536,29.611738051160227
sniffing,49225,49254,29,32.27349595041391,31.929705936384906
walking,49255,49319,64,167.5355766350031,33.108743344536364
sniffing,49320,49645,325,26.361219475453247,32.21306057009366
grooming,49646,51005,1359,19.138862536849263,33.12598751097121
rearing,51006,51015,9,23.800251200999313,33.47078208379355
hunching,51016,51055,39,20.37167220853476,33.0254864212614
grooming,51056,51610,554,26.38652296353915,31.52539051526448
climbing,51611,51670,59,16.735180700422298,36.90971357936426
hunching,51671,51730,59,17.818744239841255,35.95057276072593
grooming,51731,52300,569,20.540732798338638,32.142797155168495
hunching,52301,52590,289,22.66496168768395,32.65810706435267
rearing,52591,52650,59,29.051774462876487,33.5643382672329
sniffing,52651,52710,59,28.89229005341072,32.055589058986975
rising,52711,52795,84,19.360371744793365,31.034757180234493
rearing,52796,52810,14,15.966326307358667,31.080866239827106
grooming,52811,52865,54,16.55941749844408,32.460185336555035
hunching,52866,52895,29,18.42878568452481,31.043678833536482
grooming,52896,53245,349,25.840885866591567,31.21357275037659
sniffing,53246,53305,59,22.387438143856,34.71181109080796
grooming,53306,53425,119,17.597140379117807,36.68224662057308
hunching,53426,53485,59,19.823395830405232,36.87577959329397
grooming,53486,53600,114,22.960257862797643,36.354264976781465
rearing,53601,53660,59,25.54239144110999,32.120300095832704
hunching,53661,53775,114,30.50511960339911,33.62230273721814
grooming,53776,54480,704,25.846403305844543,30.24824096990629
rearing,54481,54490,9,38.527354633421325,31.968847861758928
grooming,54491,54695,204,23.432349098675818,30.109236813406152
rising,54696,54875,179,22.22573864905865,28.770998971008222
sniffing,54876,54935,59,20.323078302100274,28.645331339488596
grooming,54936,55155,219,23.584469764396342,30.39657391992492
rearing,55156,55210,54,20.19088597598924,29.64054686387936
sniffing,55211,55220,9,21.27988060618878,26.771049157858403
hunching,55221,55280,59,17.34062448240395,26.8642501875717
grooming,55281,55290,9,19.08344177406782,28.377030467483543
hunching,55291,55350,59,21.95726011880489,29.521934958601474
grooming,55351,55905,554,22.59866777634964,29.231679224548778
sniffing,55906,56025,119,23.05634190332732,28.07830876333959
hunching,56026,56050,24,14.957199206210827,27.155648025365675
rearing,56051,56140,89,16.494799331141905,27.33940902415927
sniffing,56141,56165,24,22.077243144719468,25.537480770583052
grooming,56166,56210,44,23.618094079006546,27.58220342130691
sniffing,56211,56400,189,21.58477302651535,27.200346269947957
rising,56401,56453,52,17.297950494548502,31.23684366324321
sniffing,56454,56481,27,36.127018307598135,29.959932565068573
walking,56482,56590,108,78.94620931784887,26.75552553580344
right_turning,56591,56640,49,53.665314279098645,30.965800163739004
hunching,56641,56700,59,19.37605582925538,32.86374241197631
climbing,56701,56760,59,13.682329462926507,35.37117428533461
rearing,56761,56770,9,47.59886505121731,33.64943275279154
left_turning,56771,56827,56,54.27211751987019,33.81941387614776
walking,56828,56878,50,112.03760019806207,31.55042230032939
stepping,56879,56931,52,91.84045069305444,33.232111202025166
rising,56932,56981,49,63.485254253959596,29.14504028007754
grooming,56982,57021,39,29.238901621426486,34.06834412830714
rising,57022,57105,83,38.728686278360954,29.291569287127334
climbing,57106,57150,44,38.16419801690896,48.79461891980404
sniffing,57151,57208,57,39.186560023798975,30.0241591480366
trotting,57209,57248,39,219.4532503479116,28.22487332281537
left_turning,57249,57360,111,127.29633771463708,27.695772983687593
sniffing,57361,57420,59,55.32881681017986,24.88735409749394
rising,57421,57425,4,70.52315093186982,26.125253806290168
sniffing,57426,57564,138,22.65615134772523,25.017327687703997
grooming,57565,57624,59,29.777052426595713,41.78526078834962
climbing,57625,57664,39,43.02930124634227,42.04366434297585
rising,57665,57699,34,21.302081953997146,27.518107644416297
sniffing,57700,57874,174,23.117745156605654,27.997921426468597
grooming,57875,57924,49,29.579763565639105,25.67776565976716
sniffing,57925,58344,419,21.622636232751834,26.14264872371731
rising,58345,58364,19,28.677643516468585,31.490287927601997
sniffing,58365,58500,135,20.60248040966759,28.93977525372717
pausing,58501,62101,3600,12.73784174965574,28.509908908213987
sniffing,62102,62214,112,18.042520508007716,28.867345579383034
grooming,62215,62249,34,19.605813588043745,25.794835085313142
sniffing,62250,62363,113,20.56463129718643,27.80378092850137
grooming,62364,62438,74,32.914553371874824,25.40766752121769
sniffing,62439,62498,59,20.361433687148676,22.904051346037672
grooming,62499,62523,24,28.079115357399544,24.141804494117697
sniffing,62524,62583,59,29.934850749109025,25.937096981019792
grooming,62584,62628,44,28.8568929248496,25.758440949100113
sniffing,62629,62700,71,16.237633105395055,25.565116656406392
pausing,62701,62851,150,17.1329369932206,25.894798617889204
sniffing,62852,62868,16,14.663588219866062,26.422498052173093
grooming,62869,63083,214,20.75085844227698,26.790929222238418
sniffing,63084,63150,66,16.645246302913794,28.058217581927035
pausing,63151,63451,300,17.979041810173065,27.04514989415123
sniffing,63452,63508,56,15.364879360431647,25.478838226781363
grooming,63509,63673,164,22.766347183215032,28.588646946247245
sniffing,63674,63713,39,19.760397138368532,28.496348328731635
grooming,63714,63758,44,26.758477917537782,24.560746142845133
sniffing,63759,63808,49,20.986304835881004,28.944698839318956
grooming,63809,63908,99,25.78915398050104,27.19559957975395
sniffing,63909,63983,74,35.150720747921376,27.68996123329312
grooming,63984,64243,259,17.444388617878396,25.962547415244696
rising,64244,64263,19,22.418840793017708,24.621273418495026
sniffing,64264,64350,86,21.915448447537646,25.93565059008128
pausing,64351,70501,6150,14.592611534562192,25.111292717669638
sniffing,70502,70632,130,15.780331847841763,25.439113669014464
grooming,70633,70912,279,22.722545663249843,25.37237824856611
sniffing,70913,71032,119,19.312194578920174,26.510963360313635
grooming,71033,71244,211,23.64991051292007,26.54796529392012
sniffing,71245,71267,22,20.30124740691175,24.34092074966831
pausing,71268,71285,17,26.462891862893567,25.750565598612084
sniffing,71286,71296,10,27.39491219548644,29.61380357959332
grooming,71297,71406,109,24.048553635654844,25.972725413528533
sniffing,71407,71586,179,28.041416629719333,22.751363290578936
grooming,71587,71670,83,19.953132613659136,24.357248810814056
sniffing,71671,71676,5,42.706435018132886,24.404287169839645
pausing,71677,71691,14,23.705017112252946,23.310410224601274
sniffing,71692,71700,8,27.2663042125328,24.797291704885815
pausing,71701,71851,150,19.021739795941357,24.698716387598378
sniffing,71852,72000,148,19.368422188538467,24.475518603262255
pausing,72001,83401,11400,16.399060247064497,22.033466621978988
climbing,83402,83465,63,24.79354163153329,20.946728770118725
grooming,83466,83690,224,15.448603612813715,23.10602352503066
climbing,83691,83700,9,18.659192933596955,18.12778890618713
pausing,83701,83851,150,15.187472875216432,18.98709701321677
climbing,83852,83965,113,13.930612123188405,19.911671212293644
grooming,83966,84140,174,19.403208215983433,23.555505644954962
climbing,84141,84195,54,21.81239272464667,25.047447179662928
grooming,84196,85230,1034,23.54113092589351,28.302041409806055
climbing,85231,85290,59,31.159623304750696,28.252282879191494
grooming,85291,85870,579,25.290506778026398,30.58743716036006
climbing,85871,85910,39,21.32297147960835,25.09365237035488
grooming,85911,87040,1129,19.167088894066662,26.674689138425055
climbing,87041,87100,59,30.7604412030884,28.627792804867788
grooming,87101,87635,534,26.55942023628311,26.73502887514119
climbing,87636,87690,54,21.81027404523062,27.227467906015434
grooming,87691,87800,109,19.24864942644555,26.86975160745188
climbing,87801,87850,49,18.790910442810883,27.976342438936626
grooming,87851,88280,429,26.77528203253316,27.178753410321747
climbing,88281,88340,59,27.452920953869093,28.733306770576526
grooming,88341,96600,8259,18.542707617091736,30.344599301095442
sniffing,96601,96737,136,24.712890459858826,29.459888469322237
grooming,96738,96802,64,18.33541670727113,28.576876885779424
sniffing,96803,96837,34,28.542908554841972,31.23464270787677
rearing,96838,96897,59,20.541161260950005,34.14749494846805
hunching,96898,96927,29,21.635779892532355,32.717611554835486
rising,96928,96952,24,16.944625926930133,34.091331929501415
sniffing,96953,97173,220,25.390092261488583,31.728593522694524
stepping,97174,97228,54,38.740264666243604,27.114024428902457
walking,97229,97343,114,79.08739024598229,27.072554698488357
sniffing,97344,97464,120,27.331950741014364,28.02043715646071
grooming,97465,97544,79,23.563402979890405,28.35085886630792
sniffing,97545,97650,105,45.63831206378009,32.34539455048106
walking,97651,97699,48,108.2742791170753,31.791335903753268
stepping,97700,97747,47,105.69364934840512,28.673705043522475
rearing,97748,97827,79,22.470901064797793,31.281078414978584
climbing,97828,97877,49,19.343004236635775,33.60496147065357
hunching,97878,97917,39,37.98415667122833,32.727260706375795
climbing,97918,97975,57,35.31953636432179,38.20832080408937
sniffing,97976,98162,186,23.22191936981239,25.96405502557001
left_turning,98163,98233,70,91.16196683970439,30.109183520035675
walking,98234,98293,59,117.81165579288992,28.362328189324163
left_turning,98294,98338,44,105.97371236765895,29.93894571140108
sniffing,98339,98363,24,31.970851076029422,32.481900347702
hunching,98364,98423,59,25.138651315418958,33.58308901855442
rearing,98424,98481,57,54.11967787754855,33.797776802019015
walking,98482,98538,56,186.76716289160728,30.991552132333393
sniffing,98539,98772,233,25.060790165240576,28.657657786112903
grooming,98773,98797,24,20.867004061972704,29.99301883647987
sniffing,98798,98872,74,24.148445765707336,33.54761709122796
stepping,98873,98929,56,116.87323198135115,33.60797726661336
walking,98930,98984,54,98.5935672667493,27.460671923032244
sniffing,98985,99138,153,38.631024068585695,28.22092015728205
left_turning,99139,99152,13,85.3086645989796,30.65411227587265
walking,99153,99205,52,81.05741567127075,28.355993957193526
sniffing,99206,99271,65,46.487180027564804,32.58849587861205
left_turning,99272,99358,86,92.0158446889715,30.41555206182483
sniffing,99359,99450,91,23.911753170717045,25.458412756602208
pausing,99451,99601,150,18.168597075342976,27.964755152502587
sniffing,99602,99640,38,37.98082703519427,30.396152011450997
walking,99641,99695,54,120.81690831571095,28.71385257923403
sniffing,99696,99745,49,24.093562399229732,27.88397498123871
walking,99746,99791,45,136.60008236290142,28.54433012790561
sniffing,99792,99896,104,18.50768214619829,27.031270690937948
rising,99897,99926,29,14.924132476071058,28.09403704362906
sniffing,99927,100050,123,17.33816079283943,32.38600839550503
pausing,100051,100201,150,13.575083436744869,32.533342382088584
sniffing,100202,100207,5,21.21713026747018,33.75820638495119
grooming,100208,100852,644,25.738139481355006,32.56575399295751
rearing,100853,100912,59,29.309041503292338,31.650234539042398
grooming,100913,101287,374,20.899734825337323,30.900088621499957
sniffing,101288,101317,29,16.725879938029838,31.058079603283286
grooming,101318,101412,94,17.380664153684684,32.32985158728947
sniffing,101413,101487,74,14.54083415210399,31.48814199279305
grooming,101488,101559,71,23.088323469704886,32.95689215786279
left_turning,101560,101569,9,80.1097250277616,30.99768444027586
sniffing,101570,101629,59,34.25095834688587,31.422942468724752
left_turning,101630,101686,56,73.80138622663375,29.97979561606101
sniffing,101687,101904,217,39.75345168890507,28.122841878448416
rising,101905,101960,55,32.780412914122444,28.12628980107419
sniffing,101961,102018,57,32.301020979160675,27.198764322154872
trotting,102019,102058,39,213.93659142795377,29.211999998065345
running,102059,102089,30,274.3802078116812,28.681136989089335
sniffing,102090,102119,29,21.659367725812423,27.730968820981804
rising,102120,102224,104,21.225199070954883,28.3438270442372
sniffing,102225,102394,169,23.74707193369708,29.414490405898977
grooming,102395,102704,309,17.10073196566111,30.621932572899812
sniffing,102705,102884,179,14.203398268206472,33.28785075204566
rising,102885,102899,14,21.081287327692053,33.55592674184616
sniffing,102900,102900,0,27.95847612787807,33.25122144511806
pausing,102901,103051,150,17.198403509720055,32.98424054214776
sniffing,103052,103079,27,20.964084795914054,32.212074333557695
grooming,103080,103144,64,24.968578895586205,30.721580282344643
sniffing,103145,103324,179,14.41925032627642,32.76171641650926
grooming,103325,103969,644,15.810142021716358,32.52079152310602
rearing,103970,104079,109,15.689114668906466,34.535222908621876
sniffing,104080,104229,149,16.305678846061223,34.53368720267224
grooming,104230,104249,19,18.95107125399484,34.910722501199494
sniffing,104250,104250,0,20.220583155396632,33.60750275114104
pausing,104251,104400,149,16.70429387349109,32.220080003582126
sniffing,104401,104651,250,31.888980738504703,31.41402427441914
walking,104652,104686,34,127.28474074447732,31.169778945931604
right_turning,104687,104743,56,41.85632743363786,25.919989680110987
sniffing,104744,104768,24,52.805695142777395,27.946007289575487
stepping,104769,104823,54,71.3715554809623,26.452271646117946
climbing,104824,104883,59,26.861999190342477,38.36660695581682
sniffing,104884,105006,122,22.67493884742468,27.601177024614735
grooming,105007,105066,59,18.54893430344189,31.102458058018396
sniffing,105067,105156,89,25.049926669269784,31.90394044469229
left_turning,105157,105186,29,76.32193744373676,32.282114162293006
walking,105187,105285,98,127.83746550524478,30.48766423306014
rising,105286,105343,57,35.388638741947545,31.601223476402726
sniffing,105344,105389,45,90.0676896882231,25.940284468050095
hunching,105390,105429,39,18.20665306002548,29.663288238631264
sniffing,105430,105552,122,27.242136291006403,26.676716000252444
walking,105553,105627,74,149.06174264040453,29.545265777216
rearing,105628,105647,19,40.58148183879306,34.85456990881118
left_turning,105648,105655,7,102.47089803503978,30.41913844821791
sniffing,105656,105754,98,49.89899846172657,31.011833623741826
left_turning,105755,105778,23,142.70919085462256,34.47866077146142
walking,105779,105836,57,180.19872668941608,29.658339004503357
rising,105837,105886,49,20.561798286670268,27.8737742582626
sniffing,105887,105965,78,20.984020108833246,27.928855850531008
rearing,105966,106025,59,13.903891896600564,29.68714032301109
rising,106026,106083,57,15.457636531861453,30.042011152091277
grooming,106084,106194,110,18.937369098080026,30.936254290014944
rising,106195,106239,44,12.717400136829262,33.05381150424349
sniffing,106240,106474,234,11.028955800348463,31.952430165213794
grooming,106475,106554,79,19.60410798762762,29.73102627343703
rising,106555,106614,59,16.180893554736677,34.90275591168032
sniffing,106615,106714,99,15.696140722054905,33.926270197924296
grooming,106715,107998,1283,14.687693322433026,30.250953823376314
