original_label,speed_mean,speed_median,speed_std,speed_range,distance_mean,distance_median,distance_std,distance_range,Nose_back_tail_2Dangle_mean,Nose_back_tail_2Dangle_median,Nose_back_tail_2Dangle_std,Nose_back_tail_2Dangle_range,Nose_back_tail_3Dangle_mean,Nose_back_tail_3Dangle_median,Nose_back_tail_3Dangle_std,Nose_back_tail_3Dangle_range,nose_momentum_mean,nose_momentum_median,nose_momentum_std,nose_momentum_range,head_momentum_mean,head_momentum_median,head_momentum_std,head_momentum_range,claw_momentum_mean,claw_momentum_median,claw_momentum_std,claw_momentum_range,nose_height_mean,nose_height_median,nose_height_std,nose_height_range,neck_height_mean,neck_height_median,neck_height_std,neck_height_range,back_height_mean,back_height_median,back_height_std,back_height_range,left_front_claw_height_mean,left_front_claw_height_median,left_front_claw_height_std,left_front_claw_height_range,right_front_claw_height_mean,right_front_claw_height_median,right_front_claw_height_std,right_front_claw_height_range,body_length2D_mean,body_length2D_median,body_length2D_std,body_length2D_range,body_length3D_mean,body_length3D_median,body_length3D_std,body_length3D_range,back_x_mean,back_x_median,back_x_std,back_x_range,back_y_mean,back_y_median,back_y_std,back_y_range,center_rate_mean,center_rate_median,center_rate_std,center_rate_range
11.0,43.09,28.19,40.32,"[7.65, 127.96]",1.44,0.94,1.34,"[0.26, 4.27]",-15.97,-15.82,12.45,"[-36.38, 4.01]",127.9,127.59,13.54,"[105.86, 151.55]",3.45,3.06,1.9,"[1.17, 7.03]",8.19,7.32,4.2,"[3.18, 15.97]",4.31,3.91,2.04,"[1.86, 8.04]",12.9,11.14,7.69,"[4.03, 28.12]",36.29,35.92,5.63,"[27.82, 46.1]",39.69,40.03,6.04,"[28.2, 48.65]",4.91,4.77,3.21,"[-0.01, 10.27]",4.75,4.53,3.1,"[0.01, 10.13]",94.54,95.42,7.67,"[80.8, 105.43]",95.45,96.38,7.75,"[81.64, 106.55]",235.77,202.68,175.58,"[22.55, 469.09]",223.83,182.62,166.97,"[26.57, 467.22]",236.92,249.04,58.81,"[108.36, 303.2]"
26.0,116.56,109.1,75.67,"[17.08, 251.6]",3.89,3.64,2.52,"[0.57, 8.39]",6.04,5.26,11.48,"[-11.6, 26.08]",136.39,137.61,10.54,"[116.62, 151.61]",4.69,4.39,2.06,"[1.92, 8.48]",11.12,10.49,4.54,"[4.99, 19.39]",5.83,5.49,2.4,"[2.66, 10.08]",14.45,10.6,11.74,"[2.96, 39.7]",35.7,34.21,6.93,"[27.32, 49.17]",39.15,38.56,5.27,"[31.54, 48.69]",5.18,4.75,4.11,"[-0.33, 11.69]",5.74,5.27,3.96,"[0.65, 12.17]",99.88,100.4,6.39,"[88.24, 109.49]",101.24,101.91,6.33,"[89.46, 110.47]",258.0,263.97,153.77,"[32.71, 469.01]",251.54,252.21,151.24,"[32.62, 466.54]",207.21,218.08,60.41,"[85.35, 292.03]"
27.0,113.03,103.13,75.01,"[17.0, 250.32]",3.77,3.44,2.5,"[0.57, 8.34]",-9.37,-8.01,13.39,"[-33.55, 10.34]",133.0,134.97,12.13,"[109.63, 149.41]",4.7,4.38,2.1,"[1.92, 8.53]",11.25,10.53,4.76,"[5.0, 19.87]",5.87,5.48,2.48,"[2.68, 10.29]",12.66,10.04,9.45,"[2.64, 32.14]",35.73,34.64,6.38,"[27.4, 47.71]",39.87,39.42,5.29,"[31.98, 49.2]",4.65,4.27,3.95,"[-0.92, 11.2]",5.25,4.81,3.87,"[-0.02, 11.92]",98.35,99.32,6.87,"[85.29, 108.11]",99.75,100.9,6.98,"[86.26, 109.26]",261.92,268.58,157.28,"[34.44, 469.37]",241.29,228.46,156.51,"[30.8, 467.71]",214.23,223.72,59.65,"[92.1, 293.97]"
33.0,151.33,149.81,83.73,"[24.92, 295.4]",5.04,4.99,2.79,"[0.83, 9.85]",1.2,1.01,12.19,"[-18.6, 22.02]",137.81,139.27,10.28,"[118.05, 152.06]",5.05,4.77,2.07,"[2.23, 8.85]",12.11,11.47,4.65,"[5.78, 20.58]",6.43,6.06,2.54,"[3.07, 10.96]",14.47,10.47,11.97,"[2.64, 39.72]",35.55,34.03,7.05,"[27.02, 48.91]",39.25,38.65,5.31,"[31.66, 48.88]",4.8,4.32,4.25,"[-0.73, 11.46]",5.4,4.84,4.17,"[0.2, 12.19]",100.81,101.1,6.08,"[90.05, 110.3]",102.29,102.84,6.01,"[91.21, 111.17]",258.92,263.47,149.37,"[34.28, 469.06]",252.55,256.23,147.52,"[31.75, 466.33]",200.93,215.75,61.55,"[75.62, 285.7]"
1.0,97.53,83.78,68.79,"[16.49, 230.03]",3.25,2.79,2.29,"[0.55, 7.67]",33.36,33.15,14.89,"[9.82, 57.66]",119.38,119.08,15.84,"[94.79, 144.54]",5.87,5.37,2.84,"[2.25, 11.18]",13.91,12.67,6.63,"[5.77, 26.16]",7.32,6.64,3.5,"[3.16, 13.89]",16.89,13.35,12.82,"[3.04, 42.63]",40.81,39.29,8.66,"[29.73, 56.91]",42.89,42.61,5.88,"[33.72, 53.12]",7.14,5.81,6.62,"[-0.14, 18.88]",7.86,6.72,6.13,"[0.88, 18.37]",92.58,93.69,10.14,"[75.27, 107.59]",94.12,95.18,10.05,"[77.06, 108.81]",239.22,197.32,174.9,"[33.57, 465.33]",251.52,259.37,176.04,"[32.05, 465.93]",242.51,259.42,53.73,"[130.3, 299.58]"
6.0,26.4,19.4,23.2,"[6.46, 70.74]",0.88,0.65,0.77,"[0.22, 2.36]",8.76,8.46,10.52,"[-7.83, 26.56]",127.53,127.98,11.43,"[108.1, 145.15]",3.36,2.93,1.89,"[1.15, 7.04]",7.91,6.99,4.11,"[3.11, 15.82]",4.32,3.86,2.19,"[1.86, 8.24]",21.31,18.79,11.63,"[7.23, 43.8]",41.02,40.22,6.88,"[31.46, 53.09]",42.48,42.35,4.92,"[34.86, 50.71]",8.18,7.88,4.63,"[1.68, 15.35]",8.9,8.58,4.37,"[2.86, 15.6]",95.41,96.34,7.09,"[82.54, 105.47]",96.18,97.05,7.18,"[83.16, 106.51]",256.45,271.37,186.72,"[29.7, 471.15]",253.59,265.57,183.98,"[29.19, 468.62]",256.9,276.92,52.61,"[152.12, 305.57]"
35.0,29.3,20.74,26.32,"[6.72, 81.5]",0.98,0.69,0.88,"[0.22, 2.72]",20.4,20.22,11.14,"[2.77, 38.93]",120.49,120.15,12.37,"[100.76, 141.3]",3.71,3.21,2.18,"[1.21, 7.88]",8.67,7.6,4.77,"[3.23, 17.63]",4.72,4.16,2.55,"[1.94, 9.38]",21.38,18.41,12.78,"[6.15, 46.66]",42.26,41.51,7.44,"[31.85, 55.46]",43.34,43.22,5.21,"[35.19, 51.95]",8.09,7.61,5.16,"[1.17, 16.21]",8.94,8.54,5.04,"[2.12, 16.83]",92.16,92.66,8.2,"[78.24, 104.67]",93.11,93.55,8.44,"[78.88, 106.17]",245.28,226.86,184.49,"[29.95, 468.07]",248.44,237.9,180.84,"[30.79, 467.86]",253.3,269.16,51.03,"[153.95, 306.18]"
10.0,66.45,47.67,55.88,"[10.05, 178.25]",2.21,1.59,1.86,"[0.34, 5.94]",-0.41,-0.21,11.42,"[-19.53, 18.07]",133.7,134.87,11.17,"[113.45, 150.17]",4.02,3.67,2.0,"[1.44, 7.79]",9.45,8.69,4.37,"[3.82, 17.61]",4.95,4.58,2.22,"[2.14, 8.95]",15.19,12.34,9.99,"[4.54, 35.96]",36.66,35.74,6.45,"[27.92, 48.46]",39.74,39.55,5.5,"[31.38, 48.95]",5.83,5.61,3.78,"[0.27, 11.92]",6.3,5.98,3.57,"[1.22, 12.28]",98.62,99.43,6.64,"[86.35, 108.15]",99.53,100.39,6.71,"[87.04, 109.07]",252.31,257.31,169.05,"[27.88, 471.22]",240.18,221.81,166.96,"[28.29, 468.5]",230.54,238.87,58.36,"[106.91, 301.31]"
9.0,83.05,65.43,64.13,"[12.51, 208.53]",2.77,2.18,2.14,"[0.42, 6.95]",11.45,10.91,12.56,"[-8.11, 32.7]",131.71,132.95,12.41,"[109.4, 150.19]",4.57,4.22,2.18,"[1.69, 8.62]",10.66,9.88,4.84,"[4.36, 19.47]",5.53,5.09,2.61,"[2.34, 10.11]",17.23,12.33,13.88,"[3.76, 46.72]",38.07,36.41,7.78,"[28.63, 53.14]",40.84,40.32,5.44,"[32.78, 50.55]",6.07,5.36,5.08,"[0.11, 13.84]",6.96,6.23,4.99,"[1.29, 14.67]",97.67,98.54,7.95,"[83.13, 109.4]",99.0,99.94,7.87,"[84.45, 110.47]",257.74,263.19,157.16,"[35.24, 467.13]",244.44,235.53,155.91,"[33.2, 464.61]",212.49,221.78,62.82,"[84.09, 296.48]"
23.0,184.52,185.36,92.44,"[32.62, 339.15]",6.15,6.18,3.08,"[1.09, 11.3]",-0.3,0.08,11.81,"[-20.21, 18.27]",139.28,141.01,10.02,"[119.82, 152.49]",5.2,4.92,2.06,"[2.37, 8.89]",12.61,11.97,4.74,"[6.22, 21.06]",6.76,6.39,2.59,"[3.35, 11.35]",13.0,9.83,10.49,"[2.13, 34.54]",34.53,33.22,6.42,"[26.58, 46.65]",38.7,38.13,5.03,"[31.46, 47.85]",4.13,3.69,3.95,"[-1.19, 10.51]",4.74,4.29,3.82,"[-0.27, 11.07]",101.37,101.65,5.77,"[91.27, 110.18]",102.98,103.56,5.7,"[92.48, 111.09]",260.43,264.31,146.25,"[34.03, 468.11]",254.7,258.27,149.57,"[30.49, 467.13]",200.66,215.69,60.22,"[76.46, 283.07]"
30.0,35.56,23.68,33.56,"[7.22, 105.55]",1.19,0.79,1.12,"[0.24, 3.52]",-6.11,-5.61,12.4,"[-26.74, 13.43]",128.66,129.47,11.84,"[108.05, 146.51]",3.43,3.04,1.85,"[1.19, 7.0]",8.08,7.24,4.02,"[3.21, 15.72]",4.3,3.91,2.01,"[1.89, 7.98]",17.03,14.94,9.28,"[6.23, 35.45]",38.48,37.82,5.98,"[29.99, 49.14]",41.13,40.96,4.9,"[33.48, 49.38]",6.66,6.59,3.59,"[1.16, 12.45]",6.8,6.58,3.47,"[1.67, 12.48]",96.16,97.11,7.13,"[83.11, 106.21]",96.73,97.7,7.23,"[83.51, 107.0]",267.07,298.71,177.54,"[30.96, 470.97]",239.3,217.73,179.04,"[28.11, 468.91]",246.91,260.21,54.93,"[135.58, 304.57]"
8.0,35.48,25.59,31.97,"[7.53, 95.91]",1.18,0.85,1.07,"[0.25, 3.2]",10.09,10.07,13.89,"[-11.71, 31.92]",126.09,126.53,16.89,"[99.56, 152.49]",5.09,4.47,4.8,"[1.59, 10.33]",11.96,10.36,12.96,"[4.04, 24.0]",7.51,6.23,6.55,"[2.52, 16.26]",49.25,48.0,21.73,"[18.84, 84.75]",58.07,57.15,12.78,"[41.51, 76.82]",50.25,50.04,6.38,"[42.12, 58.23]",22.98,19.35,14.37,"[7.81, 50.23]",23.43,19.68,14.44,"[8.44, 50.83]",86.17,87.08,11.27,"[66.39, 102.92]",94.67,96.35,10.63,"[75.73, 108.44]",237.78,178.15,183.63,"[32.39, 466.43]",259.06,298.46,183.79,"[33.0, 465.84]",256.28,271.23,45.3,"[181.13, 301.99]"
5.0,56.76,41.65,47.32,"[10.44, 154.22]",1.89,1.39,1.58,"[0.35, 5.14]",1.22,1.69,12.41,"[-19.81, 20.69]",132.96,134.58,12.24,"[110.41, 150.55]",4.73,4.37,2.4,"[1.69, 8.91]",10.95,10.07,5.4,"[4.4, 20.27]",5.91,5.26,3.35,"[2.41, 11.43]",27.59,23.17,16.72,"[8.02, 59.41]",43.67,42.23,9.77,"[30.82, 61.5]",43.72,43.4,5.94,"[34.54, 53.87]",9.75,8.52,7.29,"[1.94, 21.6]",10.35,8.96,7.24,"[2.99, 22.25]",98.31,99.72,8.1,"[83.35, 109.03]",100.14,101.23,7.67,"[86.06, 110.39]",246.39,231.59,177.93,"[31.64, 467.53]",241.87,225.05,179.05,"[30.61, 467.89]",247.25,260.47,51.63,"[148.62, 302.59]"
3.0,25.21,18.48,21.82,"[6.3, 66.68]",0.84,0.62,0.73,"[0.21, 2.22]",-21.2,-21.09,11.89,"[-40.56, -3.03]",117.04,115.74,13.93,"[95.2, 140.45]",3.88,3.34,2.29,"[1.26, 8.27]",9.11,7.92,5.04,"[3.4, 18.73]",5.17,4.45,2.93,"[2.07, 10.67]",30.62,28.05,14.05,"[11.83, 57.18]",48.36,47.9,7.39,"[36.81, 61.31]",46.76,46.68,4.5,"[39.24, 54.42]",12.76,11.8,6.08,"[5.1, 23.47]",12.92,11.98,6.41,"[4.91, 24.37]",88.67,89.58,9.36,"[71.69, 102.12]",90.93,91.47,9.54,"[74.11, 104.6]",248.46,237.28,189.5,"[30.19, 469.53]",252.09,266.97,187.2,"[31.39, 467.06]",262.84,279.23,43.31,"[186.81, 305.95]"
22.0,215.37,219.85,97.44,"[42.63, 374.61]",7.18,7.33,3.25,"[1.42, 12.49]",-0.52,0.3,12.35,"[-22.34, 17.41]",140.1,141.97,10.48,"[119.14, 153.38]",5.4,5.11,2.11,"[2.52, 9.22]",13.25,12.56,4.92,"[6.67, 22.09]",7.2,6.81,2.73,"[3.61, 12.11]",12.87,9.98,9.99,"[2.19, 33.0]",34.37,33.03,6.36,"[26.52, 46.54]",38.78,38.17,5.06,"[31.53, 48.08]",3.84,3.3,3.96,"[-1.39, 10.52]",4.54,3.98,3.92,"[-0.46, 11.39]",101.67,102.03,5.74,"[91.48, 110.23]",103.37,104.05,5.71,"[92.63, 111.17]",249.73,251.7,149.26,"[32.35, 467.47]",254.43,254.51,151.38,"[31.31, 468.4]",203.79,217.61,60.69,"[78.0, 285.99]"
4.0,25.22,18.85,21.12,"[6.32, 66.22]",0.84,0.63,0.7,"[0.21, 2.21]",-10.39,-10.0,10.3,"[-27.76, 5.65]",125.5,125.42,12.19,"[105.78, 144.77]",3.45,3.0,1.95,"[1.18, 7.24]",8.1,7.15,4.23,"[3.19, 16.25]",4.46,3.97,2.28,"[1.93, 8.59]",23.18,20.57,11.65,"[9.05, 45.89]",42.68,42.18,6.76,"[32.85, 54.49]",43.61,43.52,4.69,"[36.02, 51.49]",9.13,8.74,4.32,"[3.23, 15.92]",9.07,8.65,4.39,"[3.24, 16.08]",94.74,95.65,7.4,"[81.55, 105.3]",95.57,96.46,7.5,"[82.2, 106.38]",265.31,322.56,188.39,"[29.68, 470.82]",246.87,244.09,188.3,"[28.16, 468.3]",262.74,282.32,46.45,"[176.95, 305.92]"
2.0,66.34,50.62,52.34,"[11.78, 171.16]",2.21,1.69,1.74,"[0.39, 5.71]",26.57,26.06,13.37,"[5.61, 49.31]",121.29,121.29,13.98,"[98.79, 143.86]",4.79,4.35,2.41,"[1.74, 9.31]",11.13,10.13,5.35,"[4.51, 20.99]",5.83,5.29,2.85,"[2.44, 10.96]",16.98,13.45,12.05,"[3.87, 41.44]",39.88,38.72,7.48,"[29.97, 53.54]",42.28,42.01,5.49,"[33.82, 51.55]",6.43,5.76,4.98,"[0.13, 14.49]",7.45,6.89,4.76,"[1.29, 15.1]",93.05,93.68,9.11,"[77.17, 107.04]",94.13,94.74,9.22,"[78.24, 108.22]",241.96,219.08,168.09,"[34.56, 465.28]",240.13,224.1,165.48,"[32.16, 463.27]",228.23,236.54,60.9,"[97.26, 300.38]"
16.0,25.01,19.15,20.74,"[6.71, 62.65]",0.83,0.64,0.69,"[0.22, 2.09]",-11.89,-10.99,16.56,"[-39.6, 13.03]",120.75,120.34,18.2,"[92.94, 150.7]",4.57,3.96,3.01,"[1.56, 9.42]",10.88,9.35,7.37,"[4.03, 22.27]",6.83,5.85,4.43,"[2.57, 14.16]",53.56,52.17,18.17,"[26.65, 85.05]",61.78,61.45,8.8,"[47.95, 76.46]",51.13,51.16,4.12,"[44.45, 57.56]",28.78,27.18,11.32,"[13.31, 50.31]",29.27,27.65,11.57,"[13.4, 50.89]",77.91,78.72,10.79,"[58.3, 94.38]",89.44,91.66,11.82,"[67.37, 105.06]",242.98,199.07,185.34,"[31.28, 468.85]",258.15,307.02,185.21,"[29.23, 465.24]",258.85,272.45,42.02,"[181.9, 306.92]"
32.0,42.46,32.77,34.2,"[9.24, 106.01]",1.42,1.09,1.14,"[0.31, 3.53]",6.24,6.21,24.24,"[-33.03, 45.33]",152.34,156.52,18.2,"[116.31, 174.41]",6.01,5.1,5.5,"[1.96, 12.87]",14.68,12.39,14.64,"[5.0, 31.36]",10.2,8.66,8.97,"[3.45, 21.56]",98.23,96.36,27.45,"[51.92, 143.2]",87.66,83.86,18.69,"[61.82, 122.51]",59.6,56.82,9.79,"[47.84, 79.52]",66.54,64.1,24.65,"[27.72, 107.71]",66.87,64.36,24.65,"[28.0, 108.21]",59.89,60.69,15.62,"[33.86, 85.6]",102.25,102.46,8.33,"[88.45, 114.99]",251.93,247.43,195.62,"[27.62, 473.92]",251.49,265.11,197.5,"[25.91, 472.53]",275.83,286.35,34.62,"[210.76, 315.21]"
34.0,27.15,19.93,23.42,"[6.59, 71.38]",0.9,0.66,0.78,"[0.22, 2.38]",-2.71,-2.36,12.44,"[-23.61, 16.69]",126.05,127.04,15.07,"[102.03, 148.44]",4.17,3.66,2.39,"[1.36, 8.67]",9.69,8.47,5.4,"[3.57, 19.78]",5.77,4.87,3.49,"[2.22, 12.45]",39.9,38.71,16.7,"[15.5, 68.87]",52.24,51.76,8.78,"[38.59, 67.67]",48.07,48.02,4.71,"[40.45, 55.86]",16.21,14.47,8.54,"[6.51, 32.58]",16.51,14.68,8.67,"[6.68, 33.31]",91.03,92.22,9.77,"[73.89, 104.79]",95.41,96.95,9.4,"[78.67, 107.96]",242.87,201.03,189.16,"[30.46, 467.99]",255.32,273.27,189.54,"[30.26, 468.57]",264.47,281.16,42.93,"[187.18, 304.07]"
12.0,80.08,62.75,62.23,"[12.66, 201.37]",2.67,2.09,2.07,"[0.42, 6.71]",-17.86,-17.05,14.82,"[-43.56, 4.65]",125.71,126.63,14.09,"[101.73, 146.97]",4.69,4.33,2.23,"[1.8, 8.78]",11.08,10.26,5.01,"[4.68, 20.32]",5.77,5.29,2.71,"[2.47, 10.62]",16.42,13.1,11.42,"[4.26, 40.08]",39.14,38.22,7.28,"[29.12, 52.34]",42.35,42.23,5.58,"[33.48, 51.59]",6.23,5.69,4.73,"[0.06, 14.15]",6.54,5.87,4.78,"[0.52, 14.59]",95.08,96.17,8.44,"[79.82, 107.11]",96.21,97.3,8.54,"[80.77, 108.28]",268.84,297.71,166.06,"[35.54, 467.04]",239.54,220.58,165.37,"[31.75, 465.76]",228.32,234.6,57.1,"[110.92, 298.99]"
19.0,109.72,98.12,73.38,"[17.7, 245.7]",3.66,3.27,2.45,"[0.59, 8.19]",6.31,5.0,14.43,"[-14.56, 32.14]",137.5,140.04,13.64,"[111.26, 155.52]",6.36,6.0,3.34,"[2.63, 11.06]",14.99,13.91,9.19,"[6.51, 26.2]",8.64,7.72,5.72,"[3.46, 16.34]",39.22,38.73,20.82,"[8.59, 74.42]",49.39,48.3,12.35,"[32.85, 69.75]",46.63,46.52,6.94,"[36.27, 57.17]",13.53,10.33,11.58,"[1.9, 36.58]",14.35,11.22,11.44,"[2.71, 37.22]",99.14,100.95,10.37,"[79.82, 112.42]",103.21,104.38,8.41,"[87.86, 114.24]",257.95,264.17,163.87,"[34.88, 467.13]",257.28,279.42,164.59,"[32.16, 466.83]",226.14,229.86,54.05,"[110.17, 295.81]"
38.0,29.33,21.0,26.32,"[6.94, 80.78]",0.98,0.7,0.88,"[0.23, 2.69]",37.74,36.88,14.75,"[15.76, 62.13]",107.48,108.09,15.84,"[79.11, 132.26]",3.96,3.39,2.49,"[1.29, 8.46]",9.57,8.28,5.84,"[3.53, 19.66]",5.25,4.57,2.99,"[2.12, 10.57]",20.51,17.68,13.01,"[4.62, 45.55]",43.14,42.21,8.12,"[31.66, 57.77]",43.67,43.63,5.76,"[34.7, 52.67]",8.16,7.28,6.24,"[-0.02, 19.04]",9.68,9.09,5.91,"[1.5, 19.92]",83.94,85.5,12.55,"[59.99, 101.59]",85.22,86.7,12.7,"[60.95, 103.12]",243.57,214.01,187.45,"[28.6, 472.94]",234.16,184.84,186.84,"[23.99, 470.48]",260.43,275.61,50.16,"[169.02, 315.24]"
25.0,38.08,26.24,35.91,"[7.56, 104.74]",1.27,0.87,1.2,"[0.25, 3.49]",3.43,3.47,19.84,"[-28.43, 35.65]",137.89,137.42,20.62,"[103.7, 171.42]",5.66,4.76,10.71,"[1.75, 11.99]",13.64,11.32,34.52,"[4.44, 28.84]",9.25,7.63,13.91,"[2.99, 19.99]",76.73,74.86,27.08,"[36.38, 125.82]",74.47,72.05,16.63,"[52.87, 106.83]",54.91,53.65,7.61,"[45.92, 69.75]",47.17,42.21,22.75,"[16.65, 93.22]",47.53,42.65,22.35,"[17.08, 93.48]",70.34,71.65,14.4,"[43.26, 92.25]",96.59,97.53,11.6,"[78.61, 110.09]",237.25,164.13,187.61,"[31.25, 469.36]",260.35,317.56,188.9,"[29.51, 468.28]",264.13,275.56,37.23,"[196.23, 306.79]"
14.0,248.12,252.97,101.28,"[62.02, 411.51]",8.27,8.43,3.38,"[2.07, 13.72]",-0.16,0.09,10.29,"[-17.01, 15.11]",142.01,143.5,9.33,"[124.31, 154.05]",5.55,5.25,2.15,"[2.68, 9.38]",13.71,12.94,5.09,"[7.1, 22.63]",7.52,7.11,2.79,"[3.91, 12.48]",13.48,10.73,10.09,"[2.47, 33.82]",34.25,33.02,6.19,"[26.49, 45.94]",38.79,38.27,4.86,"[31.79, 47.52]",3.6,3.1,3.8,"[-1.49, 10.07]",4.26,3.8,3.69,"[-0.62, 10.69]",102.59,102.72,5.35,"[93.8, 110.96]",104.28,104.67,5.24,"[95.13, 111.8]",257.41,259.34,143.72,"[35.3, 467.31]",254.92,256.78,148.39,"[31.44, 468.19]",197.58,212.94,60.95,"[74.22, 280.86]"
36.0,29.27,20.29,27.73,"[6.69, 81.4]",0.98,0.68,0.92,"[0.22, 2.71]",-32.97,-31.87,13.9,"[-56.32, -12.51]",110.5,110.77,14.47,"[86.17, 133.69]",3.64,3.13,2.17,"[1.19, 7.76]",8.82,7.68,4.97,"[3.33, 18.08]",4.79,4.2,2.63,"[1.97, 9.61]",18.43,15.97,11.04,"[5.36, 39.72]",42.01,41.41,6.83,"[32.08, 53.86]",44.11,44.13,5.35,"[35.67, 52.6]",7.46,7.02,5.06,"[0.55, 16.15]",6.86,6.15,5.26,"[0.14, 16.13]",86.04,87.19,10.74,"[66.88, 101.31]",86.89,88.05,10.83,"[67.58, 102.56]",261.07,304.08,188.5,"[31.43, 475.2]",230.39,180.09,187.04,"[26.57, 468.9]",262.5,278.46,46.06,"[182.05, 312.87]"
31.0,45.54,36.82,33.37,"[11.36, 108.67]",1.52,1.23,1.11,"[0.38, 3.62]",10.15,10.13,28.15,"[-35.24, 56.41]",162.21,165.44,12.44,"[137.5, 175.56]",6.08,5.26,4.96,"[2.21, 12.34]",15.22,13.03,12.92,"[5.82, 30.71]",10.57,9.15,7.33,"[4.02, 21.24]",118.69,120.36,23.48,"[80.82, 152.06]",102.0,101.94,18.5,"[74.36, 130.35]",66.54,65.78,11.18,"[50.89, 84.49]",85.65,87.81,20.64,"[49.76, 115.23]",86.03,88.19,20.79,"[50.26, 115.76]",49.08,48.05,13.89,"[28.55, 72.75]",107.24,107.37,8.2,"[95.5, 118.53]",262.15,333.66,202.68,"[25.05, 476.9]",236.09,147.36,205.92,"[23.08, 474.55]",287.88,298.77,30.82,"[222.09, 319.09]"
7.0,87.09,68.45,67.76,"[16.68, 217.04]",2.9,2.28,2.26,"[0.56, 7.23]",-13.36,-10.86,25.59,"[-56.23, 24.97]",132.15,134.68,18.65,"[100.65, 159.74]",8.95,7.08,25.86,"[3.01, 15.01]",22.37,16.86,76.32,"[7.42, 36.27]",14.18,11.02,34.83,"[4.62, 25.26]",60.72,59.21,33.48,"[23.75, 96.84]",63.83,62.05,27.37,"[42.54, 83.96]",52.36,51.7,13.6,"[42.29, 60.85]",30.31,26.3,26.19,"[6.19, 65.26]",31.03,27.05,24.83,"[7.09, 65.95]",84.64,85.37,15.22,"[58.81, 106.86]",98.44,99.36,16.17,"[80.37, 110.91]",265.18,280.01,168.14,"[36.2, 464.88]",250.48,245.33,179.77,"[32.33, 465.44]",243.08,243.47,41.63,"[177.7, 297.6]"
17.0,161.63,158.95,88.39,"[29.62, 312.13]",5.39,5.3,2.95,"[0.99, 10.4]",17.28,15.74,18.0,"[-8.52, 48.36]",133.08,136.46,16.02,"[103.46, 154.52]",6.99,6.44,4.07,"[2.87, 12.4]",16.78,15.38,9.56,"[7.26, 30.08]",9.4,8.26,5.9,"[3.86, 18.37]",27.5,22.2,21.52,"[4.96, 64.46]",44.11,42.31,11.32,"[29.97, 65.02]",44.46,44.21,6.91,"[33.84, 55.64]",9.64,7.23,9.55,"[0.66, 28.45]",10.13,7.6,10.26,"[1.23, 28.95]",98.7,100.03,9.72,"[80.89, 112.03]",101.26,102.45,10.8,"[83.94, 113.22]",251.0,257.16,164.18,"[31.85, 466.78]",254.8,264.99,167.83,"[30.91, 467.22]",228.23,234.58,55.29,"[110.61, 295.58]"
24.0,25.86,20.14,21.36,"[6.85, 63.82]",0.86,0.67,0.71,"[0.23, 2.13]",27.67,27.01,16.15,"[3.1, 54.34]",113.16,112.36,17.97,"[83.58, 143.35]",4.75,4.14,3.0,"[1.53, 9.89]",11.43,9.92,7.36,"[3.96, 23.33]",6.92,5.94,4.43,"[2.54, 14.45]",47.32,45.24,18.09,"[21.04, 80.15]",59.47,59.11,9.6,"[44.49, 76.2]",50.27,50.35,4.6,"[42.71, 57.4]",25.46,24.2,10.95,"[10.21, 45.6]",25.71,24.41,10.74,"[10.9, 45.89]",76.91,77.72,12.14,"[55.41, 95.49]",85.9,87.79,13.35,"[60.65, 104.5]",231.92,139.05,186.62,"[26.03, 469.12]",235.12,181.18,182.23,"[24.38, 465.55]",258.25,269.75,43.51,"[184.28, 312.13]"
18.0,203.47,202.28,97.11,"[50.62, 364.44]",6.78,6.74,3.24,"[1.69, 12.15]",24.54,24.88,20.88,"[-11.12, 54.78]",126.91,129.26,17.08,"[97.57, 150.38]",8.69,7.68,10.03,"[3.6, 14.51]",21.59,18.49,28.05,"[9.01, 37.31]",11.81,9.83,17.22,"[5.07, 20.8]",22.71,19.91,23.11,"[4.93, 47.34]",43.81,41.34,19.41,"[30.41, 62.5]",44.71,43.72,14.0,"[34.61, 55.06]",10.19,7.36,17.55,"[0.55, 26.81]",10.1,7.19,18.1,"[0.67, 26.51]",97.59,99.09,10.08,"[78.79, 110.89]",99.54,101.04,10.7,"[81.35, 112.17]",248.05,235.34,173.8,"[34.57, 466.94]",245.33,240.31,178.26,"[32.33, 465.99]",245.31,254.45,42.79,"[166.04, 296.13]"
13.0,283.41,290.41,98.96,"[102.88, 436.96]",9.45,9.68,3.3,"[3.43, 14.57]",-1.77,-0.88,10.01,"[-19.5, 11.8]",143.07,144.64,8.94,"[126.72, 154.11]",5.7,5.36,3.24,"[2.79, 9.59]",14.25,13.35,8.6,"[7.43, 23.42]",7.9,7.4,4.67,"[4.23, 12.95]",12.64,10.71,8.44,"[2.83, 28.65]",33.52,32.53,5.54,"[26.57, 43.96]",38.5,38.1,4.65,"[31.8, 46.58]",3.02,2.56,3.56,"[-1.8, 9.13]",3.84,3.42,3.49,"[-0.78, 9.85]",102.86,103.03,5.05,"[94.92, 110.38]",104.63,105.08,5.0,"[96.31, 111.57]",260.3,269.81,147.47,"[33.36, 465.47]",238.86,233.48,145.24,"[29.63, 462.25]",198.96,212.51,59.03,"[78.5, 280.04]"
28.0,332.06,340.92,104.63,"[144.06, 493.72]",11.07,11.36,3.49,"[4.8, 16.46]",0.68,0.38,10.48,"[-13.73, 16.34]",144.5,145.98,8.57,"[129.65, 154.85]",6.14,5.75,2.47,"[2.97, 10.45]",15.35,14.3,6.06,"[8.03, 26.12]",8.63,8.04,3.4,"[4.47, 14.67]",14.08,12.76,8.13,"[3.59, 28.98]",34.0,33.23,5.51,"[26.81, 43.98]",38.93,38.56,4.47,"[32.41, 46.68]",3.48,3.01,3.8,"[-1.56, 9.86]",3.86,3.4,3.59,"[-0.7, 9.97]",103.69,103.82,4.68,"[96.84, 110.6]",105.34,105.63,4.59,"[98.23, 111.63]",265.82,270.72,147.06,"[39.97, 467.72]",265.11,274.17,146.16,"[37.17, 467.53]",200.65,212.22,56.63,"[85.98, 278.88]"
29.0,411.77,419.54,102.28,"[221.1, 564.78]",13.73,13.98,3.41,"[7.37, 18.83]",3.08,1.14,11.45,"[-8.99, 22.96]",146.14,147.45,8.35,"[132.04, 155.46]",7.36,6.62,4.04,"[3.38, 13.6]",18.74,16.56,10.72,"[9.4, 34.43]",10.48,9.58,5.98,"[5.07, 18.44]",15.87,15.13,8.28,"[5.31, 27.92]",34.85,34.2,5.88,"[27.36, 44.76]",39.68,39.58,4.66,"[32.46, 47.51]",4.85,4.17,5.27,"[-0.89, 12.37]",4.71,4.06,4.6,"[-0.46, 12.02]",104.68,104.99,6.69,"[98.34, 111.57]",106.43,106.55,4.84,"[99.4, 112.83]",270.83,275.73,152.87,"[41.89, 468.3]",255.56,267.0,146.72,"[33.25, 462.03]",205.81,215.29,54.81,"[82.94, 279.62]"
15.0,23.86,19.25,18.87,"[6.97, 55.14]",0.8,0.64,0.63,"[0.23, 1.84]",-42.42,-41.06,19.34,"[-75.63, -14.67]",106.07,105.66,20.1,"[72.88, 138.87]",4.81,4.1,3.47,"[1.6, 10.07]",11.9,10.06,8.59,"[4.24, 24.68]",7.07,6.0,5.08,"[2.66, 14.51]",46.64,45.48,20.08,"[15.2, 81.41]",59.13,59.55,10.3,"[40.89, 75.3]",49.59,49.93,4.48,"[41.87, 56.42]",27.33,27.26,11.46,"[9.33, 46.67]",27.73,27.82,12.25,"[7.85, 48.14]",68.57,69.31,12.14,"[47.76, 86.61]",79.66,81.68,14.35,"[53.81, 99.59]",249.21,232.77,187.14,"[30.98, 477.1]",249.2,263.18,188.04,"[23.72, 465.99]",261.87,275.35,42.48,"[182.58, 311.94]"
37.0,24.83,21.05,16.87,"[7.95, 53.29]",0.83,0.7,0.56,"[0.27, 1.78]",83.37,80.19,33.5,"[37.36, 141.71]",77.85,75.66,23.85,"[42.29, 118.62]",5.07,4.01,4.98,"[1.6, 10.76]",13.49,10.86,11.96,"[4.69, 28.34]",7.49,6.04,6.61,"[2.67, 15.7]",31.59,27.28,17.77,"[10.72, 66.89]",50.65,48.32,12.25,"[34.8, 73.9]",44.66,44.4,5.6,"[36.31, 54.02]",21.65,20.38,11.01,"[6.3, 41.53]",22.81,21.62,9.95,"[9.18, 40.84]",50.63,50.14,17.46,"[22.07, 81.03]",58.79,57.13,18.83,"[31.06, 90.46]",287.26,407.21,190.16,"[25.88, 478.57]",208.4,101.28,188.03,"[19.19, 466.43]",268.77,286.79,48.93,"[175.93, 316.97]"
40.0,24.55,21.54,15.15,"[8.22, 49.73]",0.82,0.72,0.5,"[0.27, 1.66]",-93.04,-91.52,34.75,"[-147.83, -45.63]",74.03,71.97,23.0,"[41.3, 114.81]",4.71,3.94,3.81,"[1.67, 9.81]",12.98,11.04,9.5,"[5.02, 26.17]",7.08,5.96,5.68,"[2.77, 14.17]",34.46,31.44,15.19,"[15.36, 64.41]",53.29,52.46,9.52,"[39.03, 70.08]",45.66,45.4,4.41,"[38.74, 53.4]",25.67,25.32,8.48,"[12.42, 39.43]",24.94,24.31,9.23,"[10.69, 40.47]",44.75,44.74,16.19,"[19.28, 71.62]",54.64,52.3,17.51,"[30.44, 85.99]",276.02,364.79,187.84,"[31.26, 482.49]",239.1,221.49,187.87,"[24.61, 468.3]",262.77,277.83,48.24,"[181.02, 316.28]"
20.0,20.41,18.2,11.38,"[6.14, 43.33]",0.68,0.61,0.38,"[0.2, 1.44]",4.09,1.58,11.44,"[-12.08, 21.92]",93.74,84.12,25.24,"[60.09, 132.15]",3.23,2.66,1.94,"[1.15, 7.23]",9.28,7.2,5.52,"[4.11, 21.25]",4.72,4.1,2.22,"[2.39, 9.23]",3.22,3.21,4.71,"[-4.29, 10.31]",32.81,32.36,5.17,"[25.35, 42.33]",40.86,40.51,9.11,"[29.91, 60.27]",2.02,2.46,3.31,"[-2.45, 7.29]",1.97,3.39,5.4,"[-6.97, 8.66]",72.66,65.32,19.28,"[50.74, 104.95]",73.59,66.37,19.1,"[51.56, 105.12]",295.75,459.71,203.38,"[25.71, 469.41]",257.39,451.49,214.08,"[23.2, 476.79]",298.13,304.66,21.42,"[244.39, 318.1]"
21.0,38.6,29.19,30.31,"[10.02, 112.35]",1.29,0.97,1.01,"[0.33, 3.74]",-34.51,-17.76,37.12,"[-110.55, 6.29]",117.08,134.06,33.76,"[55.25, 150.32]",3.93,3.32,2.52,"[1.16, 7.48]",10.14,8.48,6.15,"[3.66, 19.66]",5.51,4.67,3.2,"[2.07, 10.62]",14.81,13.37,7.75,"[2.87, 31.89]",37.33,36.33,5.88,"[29.1, 50.7]",37.65,36.97,4.34,"[32.46, 48.86]",7.83,4.85,6.16,"[1.53, 19.27]",6.75,5.05,5.26,"[0.75, 14.72]",84.71,98.37,25.05,"[37.34, 106.39]",86.34,98.7,23.72,"[40.9, 108.09]",340.2,455.52,188.61,"[54.37, 480.57]",188.85,108.21,180.11,"[27.68, 458.08]",281.26,275.16,27.99,"[242.43, 317.71]"
